code,name,location,nirf2025,cutoffs,fees,accreditation,establishment,affiliation,placements,branches_current_year
AARM,AAR Mahaveer Engineering College,2025 official district checked,no current rank asserted,2025 TG final checked; other years not reverified,not reverified,not reverified,not reverified,not reverified,not reverified,not reverified
ACEG,ACE Engineering College,2025 official district checked,no current rank asserted,2025 TG final checked; other years not reverified,not reverified,not reverified,not reverified,not reverified,not reverified,not reverified
AITH,Annamacharya Institute of Technology and Science — Hyderabad,2025 official district checked,no current rank asserted,2025 TG final checked; other years not reverified,not reverified,not reverified,not reverified,not reverified,not reverified,not reverified
AIZA,Aizza College of Engineering & Technology,not reverified,no current rank asserted,not reverified,not reverified,not reverified,not reverified,not reverified,not reverified,not reverified
AKIT,Abdul Kalam Institute of Technological Sciences,2025 official district checked,no current rank asserted,2025 TG final checked; other years not reverified,not reverified,not reverified,not reverified,not reverified,not reverified,not reverified
ANRK,Anurag Engineering College,2025 official district checked,no current rank asserted,2025 TG final checked; other years not reverified,not reverified,not reverified,not reverified,not reverified,not reverified,not reverified
ARJN,Arjun College of Technology and Science,2025 official district checked,no current rank asserted,2025 TG final checked; other years not reverified,not reverified,not reverified,not reverified,not reverified,not reverified,not reverified
ARTI,Ramappa Engineering College,not reverified,no current rank asserted,not reverified,not reverified,not reverified,not reverified,not reverified,not reverified,not reverified
ASRA,Avanthis Scientific Technological and Research Academy,2025 official district checked,no current rank asserted,2025 TG final checked; other years not reverified,not reverified,not reverified,not reverified,not reverified,not reverified,not reverified
ATAM,Aurora Technological Academy,not reverified,no current rank asserted,not reverified,not reverified,not reverified,not reverified,not reverified,not reverified,not reverified
ATIB,Aurora Technological Institute,not reverified,no current rank asserted,not reverified,not reverified,not reverified,not reverified,not reverified,not reverified,not reverified
ATRA,Aurora Technological and Research Academy,not reverified,no current rank asserted,not reverified,not reverified,not reverified,not reverified,not reverified,not reverified,not reverified
AURB,Aurora's Engineering College,not reverified,no current rank asserted,not reverified,not reverified,not reverified,not reverified,not reverified,not reverified,not reverified
AURC,Aurora's Scientific Technological and Research Academy,2025 official district checked,no current rank asserted,2025 TG final checked; other years not reverified,not reverified,not reverified,not reverified,not reverified,not reverified,not reverified
AURD,Aurora's Technological Institute,not reverified,no current rank asserted,not reverified,not reverified,not reverified,not reverified,not reverified,not reverified,not reverified
AURG,Aurora's Scientific and Technological Institute,2025 official district checked,no current rank asserted,2025 TG final checked; other years not reverified,not reverified,not reverified,not reverified,not reverified,not reverified,not reverified
AURK,Aurora's Technological and Management Academy,2025 official district checked,no current rank asserted,2025 TG final checked; other years not reverified,not reverified,not reverified,not reverified,not reverified,not reverified,not reverified
AURN,Aurora's Technological Institute,not reverified,no current rank asserted,not reverified,not reverified,not reverified,not reverified,not reverified,not reverified,not reverified
AVIH,Avanthi Institute of Engineering and Technology,2025 official district checked,no current rank asserted,2025 TG final checked; other years not reverified,not reverified,not reverified,not reverified,not reverified,not reverified,not reverified
AVNI,AVN Institute of Engineering and Technology,2025 official district checked,no current rank asserted,2025 TG final checked; other years not reverified,not reverified,not reverified,not reverified,not reverified,not reverified,not reverified
BIET,Bharat Institute of Engineering and Technology,2025 official district checked,no current rank asserted,2025 TG final checked; other years not reverified,not reverified,not reverified,not reverified,not reverified,not reverified,not reverified
BITN,Balaji Institute of Technology and Science,2025 official district checked,no current rank asserted,2025 TG final checked; other years not reverified,not reverified,not reverified,not reverified,not reverified,not reverified,not reverified
BOMA,Bomma Institute of Technology and Science,2025 official district checked,no current rank asserted,2025 TG final checked; other years not reverified,not reverified,not reverified,not reverified,not reverified,not reverified,not reverified
BOSE,Anu Bose Institute of Technology,2025 official district checked,no current rank asserted,2025 TG final checked; other years not reverified,not reverified,not reverified,not reverified,not reverified,not reverified,not reverified
BREW,Bhoj Reddy Engineering College for Women,2025 official district checked,no current rank asserted,2025 TG final checked; other years not reverified,not reverified,not reverified,not reverified,not reverified,not reverified,not reverified
BRIG,Brilliant Grammar School Educational Society,2025 official district checked,no current rank asserted,2025 TG final checked; other years not reverified,not reverified,not reverified,not reverified,not reverified,not reverified,not reverified
BRIL,Brilliant Institute of Engineering and Technology,2025 official district checked,no current rank asserted,2025 TG final checked; other years not reverified,not reverified,not reverified,not reverified,not reverified,not reverified,not reverified
BSKR,Bhaskar Engineering College,2025 official district checked,no current rank asserted,2025 TG final checked; other years not reverified,not reverified,not reverified,not reverified,not reverified,not reverified,not reverified
BVRI,B V Raju Institute of Technology,2025 official district checked,no current rank asserted,2025 TG final checked; other years not reverified,not reverified,not reverified,not reverified,not reverified,not reverified,not reverified
BVRW,BVRIT Hyderabad College of Engineering for Women,2025 official district checked,no current rank asserted,2025 TG final checked; other years not reverified,not reverified,not reverified,not reverified,not reverified,not reverified,not reverified
CBIT,Chaitanya Bharathi Institute of Technology Society,2025 official district checked,2025 listing checked,2025 TG final checked; other years not reverified,not reverified,not reverified,not reverified,not reverified,not reverified,not reverified
CHET,Sri Chaitanya Technocal Campus,2025 official district checked,no current rank asserted,2025 TG final checked; other years not reverified,not reverified,not reverified,not reverified,not reverified,not reverified,not reverified
CHTN,Sree Chaitanya College of Engineering,2025 official district checked,no current rank asserted,2025 TG final checked; other years not reverified,not reverified,not reverified,not reverified,not reverified,not reverified,not reverified
CHTS,Sree Chaitanya Institute of Technological Sciences,2025 official district checked,no current rank asserted,2025 TG final checked; other years not reverified,not reverified,not reverified,not reverified,not reverified,not reverified,not reverified
CJIT,Christu Jyothi Institute of Technology and Science,not reverified,no current rank asserted,not reverified,not reverified,not reverified,not reverified,not reverified,not reverified,not reverified
CMRG,CMR Technical Campus,2025 official district checked,2025 listing checked,2025 TG final checked; other years not reverified,not reverified,not reverified,not reverified,not reverified,not reverified,not reverified
CMRK,CMR College of Engineering and Technology,2025 official district checked,2025 listing checked,2025 TG final checked; other years not reverified,not reverified,not reverified,not reverified,not reverified,not reverified,not reverified
CMRM,CMR Institute of Technology,2025 official district checked,no current rank asserted,2025 TG final checked; other years not reverified,not reverified,not reverified,not reverified,not reverified,not reverified,not reverified
CMRN,CMR Engineering College,2025 official district checked,no current rank asserted,2025 TG final checked; other years not reverified,not reverified,not reverified,not reverified,not reverified,not reverified,not reverified
CRIT,Crimson Institute of Technology,not reverified,no current rank asserted,not reverified,not reverified,not reverified,not reverified,not reverified,not reverified,not reverified
CVRH,CVR College of Engineering,2025 official district checked,2025 listing checked,2025 TG final checked; other years not reverified,not reverified,not reverified,not reverified,not reverified,not reverified,not reverified
CVSR,Anurag University,not reverified,2025 listing checked,not reverified,not reverified,not reverified,not reverified,not reverified,not reverified,not reverified
DARE,Daripally Anantha Ramulu College of Engineering and Technology,2025 official district checked,no current rank asserted,2025 TG final checked; other years not reverified,not reverified,not reverified,not reverified,not reverified,not reverified,not reverified
DCET,Deccan College of Engineering and Technology,not reverified,no current rank asserted,not reverified,not reverified,not reverified,not reverified,not reverified,not reverified,not reverified
DRKI,DRK Institute of Science and Technology,2025 official district checked,no current rank asserted,2025 TG final checked; other years not reverified,not reverified,not reverified,not reverified,not reverified,not reverified,not reverified
ELEN,Ellenki College of Engineering and Technology,2025 official district checked,no current rank asserted,2025 TG final checked; other years not reverified,not reverified,not reverified,not reverified,not reverified,not reverified,not reverified
GATE,Gate Institute of Technology and Science,2025 official district checked,no current rank asserted,2025 TG final checked; other years not reverified,not reverified,not reverified,not reverified,not reverified,not reverified,not reverified
GCTC,Geethanjali College of Engineering and Technology,2025 official district checked,no current rank asserted,2025 TG final checked; other years not reverified,not reverified,not reverified,not reverified,not reverified,not reverified,not reverified
GLOB,Global Institute of Engineering and Technology,2025 official district checked,no current rank asserted,2025 TG final checked; other years not reverified,not reverified,not reverified,not reverified,not reverified,not reverified,not reverified
GLWC,Gokaraju Lailavathi Engineering College,2025 official district checked,no current rank asserted,2025 TG final checked; other years not reverified,not reverified,not reverified,not reverified,not reverified,not reverified,not reverified
GNIT,Guru Nanak Institute of Technology,2025 official district checked,no current rank asserted,2025 TG final checked; other years not reverified,not reverified,not reverified,not reverified,not reverified,not reverified,not reverified
GNTW,G. Narayanamma Institute of Technology and Science for Women,2025 official district checked,2025 listing checked,2025 TG final checked; other years not reverified,not reverified,not reverified,not reverified,not reverified,not reverified,not reverified
GRRR,Gokaraju Rangaraju Institute of Engineering and Technology,2025 official district checked,2025 listing checked,2025 TG final checked; other years not reverified,not reverified,not reverified,not reverified,not reverified,not reverified,not reverified
GURU,Guru Nanak Institutions Technical Campus,2025 official district checked,no current rank asserted,2025 TG final checked; other years not reverified,not reverified,not reverified,not reverified,not reverified,not reverified,not reverified
HITM,Hyderabad Institute of Technology and Management,2025 official district checked,no current rank asserted,2025 TG final checked; other years not reverified,not reverified,not reverified,not reverified,not reverified,not reverified,not reverified
HOLY,Holy Mary Institute of Technology and Science,2025 official district checked,no current rank asserted,2025 TG final checked; other years not reverified,not reverified,not reverified,not reverified,not reverified,not reverified,not reverified
IARE,Institute of Aeronautical Engineering,2025 official district checked,2025 listing checked,2025 TG final checked; other years not reverified,not reverified,not reverified,not reverified,not reverified,not reverified,not reverified
IITT,Indur Institute of Engineering and Technology,2025 official district checked,no current rank asserted,2025 TG final checked; other years not reverified,not reverified,not reverified,not reverified,not reverified,not reverified,not reverified
INDI,Sri Indu Institute of Engineering and Technology,2025 official district checked,no current rank asserted,2025 TG final checked; other years not reverified,not reverified,not reverified,not reverified,not reverified,not reverified,not reverified
INDU,Sri Indu College of Engineering and Technology,2025 official district checked,no current rank asserted,2025 TG final checked; other years not reverified,not reverified,not reverified,not reverified,not reverified,not reverified,not reverified
ISLC,ISL Engineering College,not reverified,no current rank asserted,not reverified,not reverified,not reverified,not reverified,not reverified,not reverified,not reverified
JAYA,Jayamukhi Institute of Technological Sciences,2025 official district checked,no current rank asserted,2025 TG final checked; other years not reverified,not reverified,not reverified,not reverified,not reverified,not reverified,not reverified
JBIT,J.B Institute of Engineering and Technology,2025 official district checked,no current rank asserted,2025 TG final checked; other years not reverified,not reverified,not reverified,not reverified,not reverified,not reverified,not reverified
JMTS,Jyothismathi Institute of Technology and Science,2025 official district checked,no current rank asserted,2025 TG final checked; other years not reverified,not reverified,not reverified,not reverified,not reverified,not reverified,not reverified
JOGI,Joginpally B.R Engineering College,2025 official district checked,no current rank asserted,2025 TG final checked; other years not reverified,not reverified,not reverified,not reverified,not reverified,not reverified,not reverified
JPNE,Jaya Prakash Narayan College of Engineering,2025 official district checked,no current rank asserted,2025 TG final checked; other years not reverified,not reverified,not reverified,not reverified,not reverified,not reverified,not reverified
KCEA,Kshatriya College of Engineering,2025 official district checked,no current rank asserted,2025 TG final checked; other years not reverified,not reverified,not reverified,not reverified,not reverified,not reverified,not reverified
KDDW,Kodada Institute of Technology and Science for Women,2025 official district checked,no current rank asserted,2025 TG final checked; other years not reverified,not reverified,not reverified,not reverified,not reverified,not reverified,not reverified
KGRH,KG Reddy College of Engineering and Technology,2025 official district checked,no current rank asserted,2025 TG final checked; other years not reverified,not reverified,not reverified,not reverified,not reverified,not reverified,not reverified
KITS,Kakatiya Institute of Technology and Science,2025 official district checked,2025 listing checked,2025 TG final checked; other years not reverified,not reverified,not reverified,not reverified,not reverified,not reverified,not reverified
KITW,Kakatiya Institute of Technology and Science for Women,2025 official district checked,no current rank asserted,2025 TG final checked; other years not reverified,not reverified,not reverified,not reverified,not reverified,not reverified,not reverified
KLRT,KLR College of Engineering and Technology,2025 official district checked,no current rank asserted,2025 TG final checked; other years not reverified,not reverified,not reverified,not reverified,not reverified,not reverified,not reverified
KMCE,Keshav Memorial College of Engineering,2025 official district checked,no current rank asserted,2025 TG final checked; other years not reverified,not reverified,not reverified,not reverified,not reverified,not reverified,not reverified
KMEC,Keshav Memorial Engineering College,2025 official district checked,no current rank asserted,2025 TG final checked; other years not reverified,not reverified,not reverified,not reverified,not reverified,not reverified,not reverified
KMIT,Keshav Memorial Institute of Technology,2025 official district checked,no current rank asserted,2025 TG final checked; other years not reverified,not reverified,not reverified,not reverified,not reverified,not reverified,not reverified
KNRR,Kasireddy Narayana Reddy College of Engineering and Research,2025 official district checked,no current rank asserted,2025 TG final checked; other years not reverified,not reverified,not reverified,not reverified,not reverified,not reverified,not reverified
KPRC,KPRIT College of Engineering,2025 official district checked,no current rank asserted,2025 TG final checked; other years not reverified,not reverified,not reverified,not reverified,not reverified,not reverified,not reverified
KPRT,Kommuri Pratap Reddy Institute of Technology,2025 official district checked,no current rank asserted,2025 TG final checked; other years not reverified,not reverified,not reverified,not reverified,not reverified,not reverified,not reverified
KTKM,Kamala Institute of Technology and Science,2025 official district checked,no current rank asserted,2025 TG final checked; other years not reverified,not reverified,not reverified,not reverified,not reverified,not reverified,not reverified
LRDS,Lords Institute of Engineering and Technology,not reverified,no current rank asserted,not reverified,not reverified,not reverified,not reverified,not reverified,not reverified,not reverified
MDRK,Madhira Institute of Technology and Sciences,2025 official district checked,no current rank asserted,2025 TG final checked; other years not reverified,not reverified,not reverified,not reverified,not reverified,not reverified,not reverified
MECS,Mathrusri Engineering College,2025 official district checked,no current rank asserted,2025 TG final checked; other years not reverified,not reverified,not reverified,not reverified,not reverified,not reverified,not reverified
METH,Methodist College of Engineering and Technology,2025 official district checked,no current rank asserted,2025 TG final checked; other years not reverified,not reverified,not reverified,not reverified,not reverified,not reverified,not reverified
MGHA,Megha Institute of Engineering and Technology for Women,2025 official district checked,no current rank asserted,2025 TG final checked; other years not reverified,not reverified,not reverified,not reverified,not reverified,not reverified,not reverified
MGIT,Mahatma Gandhi Institute of Technology,2025 official district checked,no current rank asserted,2025 TG final checked; other years not reverified,not reverified,not reverified,not reverified,not reverified,not reverified,not reverified
MHVR,Mahaveer Institute of Science and Technology,2025 official district checked,no current rank asserted,2025 TG final checked; other years not reverified,not reverified,not reverified,not reverified,not reverified,not reverified,not reverified
MINA,Mina Institute of Engineering and Technology for Women,2025 official district checked,no current rank asserted,2025 TG final checked; other years not reverified,not reverified,not reverified,not reverified,not reverified,not reverified,not reverified
MJCT,Muffakham Jah (MJ) College of Engineering and Technology,not reverified,no current rank asserted,not reverified,not reverified,not reverified,not reverified,not reverified,not reverified,not reverified
MLID,MLR Institute of Technology,2025 official district checked,2025 listing checked,2025 TG final checked; other years not reverified,not reverified,not reverified,not reverified,not reverified,not reverified,not reverified
MLRD,Malla Reddy College of Engineering and Technology,2025 official district checked,no current rank asserted,2025 TG final checked; other years not reverified,not reverified,not reverified,not reverified,not reverified,not reverified,not reverified
MLRS,Marri Laxman Reddy Institute of Technology and Management,2025 official district checked,no current rank asserted,2025 TG final checked; other years not reverified,not reverified,not reverified,not reverified,not reverified,not reverified,not reverified
MOTK,Mother Teresa Institute of Science and Technology,2025 official district checked,no current rank asserted,2025 TG final checked; other years not reverified,not reverified,not reverified,not reverified,not reverified,not reverified,not reverified
MRCE,Malla Reddy College of Engineering,2025 official district checked,no current rank asserted,2025 TG final checked; other years not reverified,not reverified,not reverified,not reverified,not reverified,not reverified,not reverified
MRCW,Malla Reddy Engineering College for Women,2025 official district checked,2025 listing checked,2025 TG final checked; other years not reverified,not reverified,not reverified,not reverified,not reverified,not reverified,not reverified
MREM,Malla Reddy Engineering College and Management Sciences,2025 official district checked,no current rank asserted,2025 TG final checked; other years not reverified,not reverified,not reverified,not reverified,not reverified,not reverified,not reverified
MRTN,St Martins Engineering College,2025 official district checked,no current rank asserted,2025 TG final checked; other years not reverified,not reverified,not reverified,not reverified,not reverified,not reverified,not reverified
MTEC,Mother Theressa College of Engineering and Technology,2025 official district checked,no current rank asserted,2025 TG final checked; other years not reverified,not reverified,not reverified,not reverified,not reverified,not reverified,not reverified
MVSR,Maturi Venkata Subba Rao (MVSR) Engineering College,2025 official district checked,no current rank asserted,2025 TG final checked; other years not reverified,not reverified,not reverified,not reverified,not reverified,not reverified,not reverified
NAWB,Nawab Shah Alam Khan College of Engineering and Technology,not reverified,no current rank asserted,not reverified,not reverified,not reverified,not reverified,not reverified,not reverified,not reverified
NGIT,Neil Gogte Institute of Technology,2025 official district checked,no current rank asserted,2025 TG final checked; other years not reverified,not reverified,not reverified,not reverified,not reverified,not reverified,not reverified
NGMA,Nigama Engineering College,not reverified,no current rank asserted,not reverified,not reverified,not reverified,not reverified,not reverified,not reverified,not reverified
NIET,Netaji Institute of Engineering and Technology,2025 official district checked,no current rank asserted,2025 TG final checked; other years not reverified,not reverified,not reverified,not reverified,not reverified,not reverified,not reverified
NNRG,Nalla Narasimha Reddy Education Society Group of Institutions,2025 official district checked,no current rank asserted,2025 TG final checked; other years not reverified,not reverified,not reverified,not reverified,not reverified,not reverified,not reverified
NRCM,Narasimha Reddy Engineering College,2025 official district checked,no current rank asserted,2025 TG final checked; other years not reverified,not reverified,not reverified,not reverified,not reverified,not reverified,not reverified
NREC,Nalla Malla Reddy Engineering College,2025 official district checked,no current rank asserted,2025 TG final checked; other years not reverified,not reverified,not reverified,not reverified,not reverified,not reverified,not reverified
PALV,Pallavi Engineering College,2025 official district checked,no current rank asserted,2025 TG final checked; other years not reverified,not reverified,not reverified,not reverified,not reverified,not reverified,not reverified
PETW,Princeton Institute of Engineering and Technology for Women,2025 official district checked,no current rank asserted,2025 TG final checked; other years not reverified,not reverified,not reverified,not reverified,not reverified,not reverified,not reverified
PRIW,Priyadarshini Institute of Science and Technology for Women,2025 official district checked,no current rank asserted,2025 TG final checked; other years not reverified,not reverified,not reverified,not reverified,not reverified,not reverified,not reverified
RITW,Rishi M.S. Institute of Engineering and Technology for Women,2025 official district checked,no current rank asserted,2025 TG final checked; other years not reverified,not reverified,not reverified,not reverified,not reverified,not reverified,not reverified
SAIS,Sai Spurthi Institute of Technology,2025 official district checked,no current rank asserted,2025 TG final checked; other years not reverified,not reverified,not reverified,not reverified,not reverified,not reverified,not reverified
SANA,Sana Engineering College,not reverified,no current rank asserted,not reverified,not reverified,not reverified,not reverified,not reverified,not reverified,not reverified
SBIT,Swarna Bharathi Institute of Science and Technology,2025 official district checked,no current rank asserted,2025 TG final checked; other years not reverified,not reverified,not reverified,not reverified,not reverified,not reverified,not reverified
SCET,Shadan College of Engineering and Technology,not reverified,no current rank asserted,not reverified,not reverified,not reverified,not reverified,not reverified,not reverified,not reverified
SCIT,Sri Chaitanya Institute of Technology and Research,2025 official district checked,no current rank asserted,2025 TG final checked; other years not reverified,not reverified,not reverified,not reverified,not reverified,not reverified,not reverified
SDES,Sri Datta Institute of Engineering and Science,2025 official district checked,no current rank asserted,2025 TG final checked; other years not reverified,not reverified,not reverified,not reverified,not reverified,not reverified,not reverified
SDEW,Sridevi Womens Engineering College,2025 official district checked,no current rank asserted,2025 TG final checked; other years not reverified,not reverified,not reverified,not reverified,not reverified,not reverified,not reverified
SDGI,Sree Dattha Group of Institutions,2025 official district checked,no current rank asserted,2025 TG final checked; other years not reverified,not reverified,not reverified,not reverified,not reverified,not reverified,not reverified
SIEI,Siddhartha Institute of Engineering and Technology,2025 official district checked,no current rank asserted,2025 TG final checked; other years not reverified,not reverified,not reverified,not reverified,not reverified,not reverified,not reverified
SISG,Siddhartha Institute of Technology and Sciences,2025 official district checked,no current rank asserted,2025 TG final checked; other years not reverified,not reverified,not reverified,not reverified,not reverified,not reverified,not reverified
SKEC,Sree Kavitha Engineering College,not reverified,no current rank asserted,not reverified,not reverified,not reverified,not reverified,not reverified,not reverified,not reverified
SMCD,St Marys Engineering College,not reverified,no current rank asserted,not reverified,not reverified,not reverified,not reverified,not reverified,not reverified,not reverified
SMGI,St Mary's Group of Institutions,not reverified,no current rank asserted,not reverified,not reverified,not reverified,not reverified,not reverified,not reverified,not reverified
SMIC,St Mary's Integrated Campus,not reverified,no current rank asserted,not reverified,not reverified,not reverified,not reverified,not reverified,not reverified,not reverified
SMSK,Samskruthi College of Engineering,2025 official district checked,no current rank asserted,2025 TG final checked; other years not reverified,not reverified,not reverified,not reverified,not reverified,not reverified,not reverified
SNIS,Sreenidhi Institute of Science and Technology,2025 official district checked,no current rank asserted,2025 TG final checked; other years not reverified,not reverified,not reverified,not reverified,not reverified,not reverified,not reverified
SNTI,Scient Institute of Technology,2025 official district checked,no current rank asserted,2025 TG final checked; other years not reverified,not reverified,not reverified,not reverified,not reverified,not reverified,not reverified
SPEC,St. Peters Engineering College,2025 official district checked,no current rank asserted,2025 TG final checked; other years not reverified,not reverified,not reverified,not reverified,not reverified,not reverified,not reverified
SPHN,Sphoorthy Engineering College,2025 official district checked,no current rank asserted,2025 TG final checked; other years not reverified,not reverified,not reverified,not reverified,not reverified,not reverified,not reverified
SRHP,SR Engineering College,2025 official district checked,no current rank asserted,2025 TG final checked; other years not reverified,not reverified,not reverified,not reverified,not reverified,not reverified,not reverified
SRIW,Sumathi Reddy Institute of Technology for Women,2025 official district checked,no current rank asserted,2025 TG final checked; other years not reverified,not reverified,not reverified,not reverified,not reverified,not reverified,not reverified
SRYS,Sreyas Institute of Engineering and Technology,2025 official district checked,no current rank asserted,2025 TG final checked; other years not reverified,not reverified,not reverified,not reverified,not reverified,not reverified,not reverified
STLW,Stanley College of Engineering and Technology for Women,2025 official district checked,no current rank asserted,2025 TG final checked; other years not reverified,not reverified,not reverified,not reverified,not reverified,not reverified,not reverified
SVES,Sri Venkateswara Engineering College,2025 official district checked,no current rank asserted,2025 TG final checked; other years not reverified,not reverified,not reverified,not reverified,not reverified,not reverified,not reverified
SVIT,Swami Vivekananda Institute of Technology,2025 official district checked,no current rank asserted,2025 TG final checked; other years not reverified,not reverified,not reverified,not reverified,not reverified,not reverified,not reverified
SVSE,SVS Group of Institutions,2025 official district checked,no current rank asserted,2025 TG final checked; other years not reverified,not reverified,not reverified,not reverified,not reverified,not reverified,not reverified
SWET,Shadan Womens College of Engineering and Technology,not reverified,no current rank asserted,not reverified,not reverified,not reverified,not reverified,not reverified,not reverified,not reverified
TCEK,Trinity College of Engineering and Technology,2025 official district checked,no current rank asserted,2025 TG final checked; other years not reverified,not reverified,not reverified,not reverified,not reverified,not reverified,not reverified
TCTK,Trinity College of Engineering and Technology,2025 official district checked,no current rank asserted,2025 TG final checked; other years not reverified,not reverified,not reverified,not reverified,not reverified,not reverified,not reverified
TKEM,Teegala Krishna Reddy Engineering College,2025 official district checked,no current rank asserted,2025 TG final checked; other years not reverified,not reverified,not reverified,not reverified,not reverified,not reverified,not reverified
TKRC,TKR College of Engineering and Technology,2025 official district checked,no current rank asserted,2025 TG final checked; other years not reverified,not reverified,not reverified,not reverified,not reverified,not reverified,not reverified
TPCE,Talla Padmavathi College of Engineering,2025 official district checked,no current rank asserted,2025 TG final checked; other years not reverified,not reverified,not reverified,not reverified,not reverified,not reverified,not reverified
TRRM,TRR College of Technology,2025 official district checked,no current rank asserted,2025 TG final checked; other years not reverified,not reverified,not reverified,not reverified,not reverified,not reverified,not reverified
VAGE,Vaagdevi College of Engineering,2025 official district checked,no current rank asserted,2025 TG final checked; other years not reverified,not reverified,not reverified,not reverified,not reverified,not reverified,not reverified
VASV,Vasavi College of Engineering,2025 official district checked,no current rank asserted,2025 TG final checked; other years not reverified,not reverified,not reverified,not reverified,not reverified,not reverified,not reverified
VBIT,Vignana Bharati Institute of Technology,2025 official district checked,no current rank asserted,2025 TG final checked; other years not reverified,not reverified,not reverified,not reverified,not reverified,not reverified,not reverified
VCET,Visveswaraya College of Engineering and Technology,2025 official district checked,no current rank asserted,2025 TG final checked; other years not reverified,not reverified,not reverified,not reverified,not reverified,not reverified,not reverified
VGNT,Vignan Institute of Technology and Science,2025 official district checked,2025 listing checked,2025 TG final checked; other years not reverified,not reverified,not reverified,not reverified,not reverified,not reverified,not reverified
VGSE,Vaageswari College of Engineering,2025 official district checked,no current rank asserted,2025 TG final checked; other years not reverified,not reverified,not reverified,not reverified,not reverified,not reverified,not reverified
VGWL,Vaagdevi Engineering College,2025 official district checked,no current rank asserted,2025 TG final checked; other years not reverified,not reverified,not reverified,not reverified,not reverified,not reverified,not reverified
VISA,Vathsalya Institute of Science and Technology,2025 official district checked,no current rank asserted,2025 TG final checked; other years not reverified,not reverified,not reverified,not reverified,not reverified,not reverified,not reverified
VITS,Sree Visvesvaraya Institute of Technology and Science,2025 official district checked,no current rank asserted,2025 TG final checked; other years not reverified,not reverified,not reverified,not reverified,not reverified,not reverified,not reverified
VJEC,VNR Vignana Jyothi Institute of Engineering and Technology,2025 official district checked,2025 listing checked,2025 TG final checked; other years not reverified,not reverified,not reverified,not reverified,not reverified,not reverified,not reverified
VJIT,Vidya Jyothi Institute of Technology,2025 official district checked,2025 listing checked,2025 TG final checked; other years not reverified,not reverified,not reverified,not reverified,not reverified,not reverified,not reverified
VJYA,Vijaya Engineering College,2025 official district checked,no current rank asserted,2025 TG final checked; other years not reverified,not reverified,not reverified,not reverified,not reverified,not reverified,not reverified
VMEG,Vardhaman College of Engineering,2025 official district checked,2025 listing checked,2025 TG final checked; other years not reverified,not reverified,not reverified,not reverified,not reverified,not reverified,not reverified
VMRH,VMR Pradeep Kumar Institute of Engineering and Technology,2025 official district checked,no current rank asserted,2025 TG final checked; other years not reverified,not reverified,not reverified,not reverified,not reverified,not reverified,not reverified
VMTW,Vignans Institute of Management and Technology for Women,2025 official district checked,no current rank asserted,2025 TG final checked; other years not reverified,not reverified,not reverified,not reverified,not reverified,not reverified,not reverified
VREC,Vijay Rural Engineering College,2025 official district checked,no current rank asserted,2025 TG final checked; other years not reverified,not reverified,not reverified,not reverified,not reverified,not reverified,not reverified
VRKW,Dr. V.R.K Womens College of Engineering and Technology,not reverified,no current rank asserted,not reverified,not reverified,not reverified,not reverified,not reverified,not reverified,not reverified
WESL,CSI Wesley Institute of Technology and Sciences,not reverified,no current rank asserted,not reverified,not reverified,not reverified,not reverified,not reverified,not reverified,not reverified
AUCE,Andhra University College of Engineering (AUCE),not reverified,2025 listing checked,not reverified,not reverified,not reverified,not reverified,not reverified,NIRF 2023-24 summary checked; headline not reverified,not reverified
SVUC,Sri Venkateswara University College of Engineering,not reverified,2025 listing checked,not reverified,not reverified,not reverified,not reverified,not reverified,not reverified,not reverified
UCEK,"University College of Engineering, Kakinada",not reverified,no current rank asserted,not reverified,not reverified,not reverified,not reverified,not reverified,not reverified,not reverified
JNTA,"JNTUA College of Engineering, Anantapur",not reverified,2025 listing checked,not reverified,not reverified,not reverified,not reverified,not reverified,not reverified,not reverified
BAPT,Bapatla Engineering College,not reverified,no current rank asserted,not reverified,not reverified,not reverified,not reverified,not reverified,not reverified,not reverified
OUCE,"University College of Engineering, Osmania University",2025 official district checked,2025 listing checked,2025 TG final checked; other years not reverified,not reverified,not reverified,not reverified,not reverified,not reverified,not reverified
JNTH,"JNTUH College of Engineering, Hyderabad",2025 official district checked,2025 listing checked,2025 TG final checked; other years not reverified,not reverified,not reverified,not reverified,not reverified,not reverified,not reverified
JNTP,"JNTUA College of Engineering, Pulivendula",not reverified,no current rank asserted,not reverified,not reverified,not reverified,not reverified,not reverified,not reverified,not reverified
JNTK,"JNTUA College of Engineering, Kalikiri",not reverified,no current rank asserted,not reverified,not reverified,not reverified,not reverified,not reverified,not reverified,not reverified
UCEN,"University College of Engineering, Narasaraopet (JNTUK)",not reverified,no current rank asserted,not reverified,not reverified,not reverified,not reverified,not reverified,not reverified,not reverified
JNKR,"JNTUH College of Engineering, Jagtial",2025 official district checked,no current rank asserted,2025 TG final checked; other years not reverified,not reverified,not reverified,not reverified,not reverified,not reverified,not reverified
JNTS,"JNTUH College of Engineering, Sultanpur",2025 official district checked,no current rank asserted,2025 TG final checked; other years not reverified,not reverified,not reverified,not reverified,not reverified,not reverified,not reverified
JNTM,"JNTUH College of Engineering, Manthani",2025 official district checked,no current rank asserted,2025 TG final checked; other years not reverified,not reverified,not reverified,not reverified,not reverified,not reverified,not reverified
JCER,"JNTUH College of Engineering, Rajanna Sircilla",not reverified,no current rank asserted,not reverified,not reverified,not reverified,not reverified,not reverified,not reverified,not reverified
JCMB,"JNTUH University College of Engineering, Mahabubabad",not reverified,no current rank asserted,not reverified,not reverified,not reverified,not reverified,not reverified,not reverified,not reverified
KLUN,KL University — Vijayawada (Guntur),not reverified,2025 listing checked,not reverified,not reverified,not reverified,not reverified,not reverified,not reverified,not reverified
GITM,GITAM University — Visakhapatnam,not reverified,2025 listing checked,not reverified,not reverified,not reverified,not reverified,not reverified,not reverified,not reverified
SRMA,"SRM University AP, Amaravati",not reverified,no current rank asserted,not reverified,not reverified,not reverified,not reverified,not reverified,not reverified,not reverified
VIGF,"Vignan's Foundation for Science, Technology & Research",not reverified,2025 listing checked,not reverified,not reverified,not reverified,not reverified,not reverified,NIRF 2023-24 summary checked; headline not reverified,not reverified
GVPC,GVP College of Engineering,not reverified,no current rank asserted,not reverified,not reverified,not reverified,not reverified,not reverified,not reverified,not reverified
VRSE,Siddhartha Academy of Higher Education (VR Siddhartha),not reverified,2025 listing checked,not reverified,not reverified,not reverified,not reverified,not reverified,not reverified,not reverified
GDLV,Gudlavalleru Engineering College,not reverified,no current rank asserted,not reverified,not reverified,not reverified,not reverified,not reverified,not reverified,not reverified
GMRI,GMR University (formerly GMRIT),not reverified,2025 listing checked,not reverified,not reverified,not reverified,not reverified,not reverified,not reverified,not reverified
RVRJ,RVR & JC College of Engineering,not reverified,no current rank asserted,not reverified,not reverified,not reverified,not reverified,not reverified,not reverified,not reverified
SRKR,SRKR Engineering College,not reverified,no current rank asserted,not reverified,not reverified,not reverified,not reverified,not reverified,not reverified,not reverified
BITS,"BITS Pilani, Hyderabad Campus",not reverified,no current rank asserted,not reverified,BITS FD 2026-27 checked,not reverified,not reverified,not reverified,not reverified,not reverified
IIIT,"International Institute of Information Technology, Hyderabad",not reverified,2025 listing checked,not reverified,not reverified,not reverified,not reverified,not reverified,not reverified,not reverified
ICFA,ICFAI Foundation for Higher Education (IFHE),not reverified,no current rank asserted,not reverified,not reverified,not reverified,not reverified,not reverified,not reverified,not reverified
MHND,Mahindra University,not reverified,2025 listing checked,not reverified,not reverified,not reverified,not reverified,not reverified,not reverified,not reverified
WOXN,Woxsen University,not reverified,no current rank asserted,not reverified,not reverified,not reverified,not reverified,not reverified,not reverified,not reverified
MRDU,Malla Reddy University,not reverified,no current rank asserted,not reverified,not reverified,not reverified,not reverified,not reverified,not reverified,not reverified
SRUN,SR University,not reverified,2025 listing checked,not reverified,not reverified,not reverified,not reverified,not reverified,not reverified,not reverified
SNDU,Sreenidhi University,not reverified,no current rank asserted,not reverified,not reverified,not reverified,not reverified,not reverified,not reverified,not reverified
GNKU,Gurunanak University,not reverified,no current rank asserted,not reverified,not reverified,not reverified,not reverified,not reverified,not reverified,not reverified
MNRU,MNR University,not reverified,no current rank asserted,not reverified,not reverified,not reverified,not reverified,not reverified,not reverified,not reverified
AMRT,"Amrita Vishwa Vidyapeetham, Amaravati",not reverified,no current rank asserted,not reverified,not reverified,not reverified,not reverified,not reverified,not reverified,not reverified
AUDI,Audisankara Deemed to be University,not reverified,no current rank asserted,not reverified,not reverified,not reverified,not reverified,not reverified,not reverified,not reverified
MITS,Madanapalle Institute of Technology & Science (MITS),not reverified,2025 listing checked,not reverified,not reverified,not reverified,not reverified,not reverified,not reverified,not reverified
VTAP,VIT-AP University,not reverified,no current rank asserted,not reverified,not reverified,not reverified,not reverified,not reverified,not reverified,not reverified
CENT,"Centurion University of Technology and Management, AP",not reverified,no current rank asserted,not reverified,not reverified,not reverified,not reverified,not reverified,not reverified,not reverified
GITH,GITAM University — Hyderabad,not reverified,no current rank asserted,not reverified,not reverified,not reverified,not reverified,not reverified,not reverified,not reverified
KLHD,KL University — Hyderabad,not reverified,no current rank asserted,not reverified,not reverified,not reverified,not reverified,not reverified,not reverified,not reverified
GVPE,Gayathri Vidya Parishad College of Engineering,not reverified,no current rank asserted,not reverified,not reverified,not reverified,not reverified,not reverified,not reverified,not reverified
GVPW,Gayathri Vidya Parishad College of Engineering for Women,not reverified,no current rank asserted,not reverified,not reverified,not reverified,not reverified,not reverified,not reverified,not reverified
PPSV,Prasad V Potluri Siddhartha Institute of Technology,not reverified,2025 listing checked,not reverified,not reverified,not reverified,not reverified,not reverified,not reverified,not reverified
VISW,Shri Vishnu Engineering College for Women,not reverified,no current rank asserted,not reverified,not reverified,not reverified,not reverified,not reverified,not reverified,not reverified
VITB,Vishnu Group of Instns Vishnu Institute of Technology,not reverified,no current rank asserted,not reverified,not reverified,not reverified,not reverified,not reverified,not reverified,not reverified
ADTP,Aditya University,not reverified,2025 listing checked,not reverified,not reverified,not reverified,not reverified,not reverified,not reverified,not reverified
GVPT,G V P College for Degree and PG Courses,not reverified,no current rank asserted,not reverified,not reverified,not reverified,not reverified,not reverified,not reverified,not reverified
ANIL,Anil Neerukonda Institute of Technology and Sci,not reverified,no current rank asserted,not reverified,not reverified,not reverified,not reverified,not reverified,not reverified,not reverified
GPRE,G P R Engineering College,not reverified,no current rank asserted,not reverified,not reverified,not reverified,not reverified,not reverified,not reverified,not reverified
RAGU,Raghu Engineering College,not reverified,no current rank asserted,not reverified,not reverified,not reverified,not reverified,not reverified,not reverified,not reverified
LBCE,Lakireddy Balireddy College of Engineering,not reverified,no current rank asserted,not reverified,not reverified,not reverified,not reverified,not reverified,not reverified,not reverified
PRAG,Pragati Engineering College,not reverified,no current rank asserted,not reverified,not reverified,not reverified,not reverified,not reverified,not reverified,not reverified
NSPE,Narsaropeta Engineering College,not reverified,no current rank asserted,not reverified,not reverified,not reverified,not reverified,not reverified,not reverified,not reverified
VLIT,Vignans Lara Institute of Technology and Sci,not reverified,no current rank asserted,not reverified,not reverified,not reverified,not reverified,not reverified,not reverified,not reverified
TMLN,Tirumala Engineering College,not reverified,no current rank asserted,not reverified,not reverified,not reverified,not reverified,not reverified,not reverified,not reverified
VVIT,Vasireddy Venkatadri Institute of Technology,not reverified,no current rank asserted,not reverified,not reverified,not reverified,not reverified,not reverified,not reverified,not reverified
LIET,Lendi Institute of Engineering and Technology,not reverified,no current rank asserted,not reverified,not reverified,not reverified,not reverified,not reverified,not reverified,not reverified
PCEK,G.Pullaiah College of Engineering and Technology,not reverified,no current rank asserted,not reverified,not reverified,not reverified,not reverified,not reverified,not reverified,not reverified
SEAT,Siddartha EDNL Academy Group of Instns,not reverified,no current rank asserted,not reverified,not reverified,not reverified,not reverified,not reverified,not reverified,not reverified
DNRE,DNR College of Engineering and Tech,not reverified,no current rank asserted,not reverified,not reverified,not reverified,not reverified,not reverified,not reverified,not reverified
RGIT,Rajiv Gandhi Memorial College of Engineering and Technology,not reverified,no current rank asserted,not reverified,not reverified,not reverified,not reverified,not reverified,not reverified,not reverified
SWRN,Swarnandhra College of Engineering and Technology,not reverified,no current rank asserted,not reverified,not reverified,not reverified,not reverified,not reverified,not reverified,not reverified
VGTN,Vikas Group of Institutions - Vijayawada Rural,not reverified,no current rank asserted,not reverified,not reverified,not reverified,not reverified,not reverified,not reverified,not reverified
MTIE,Mother Theresa Institute of Engineering and Tech,not reverified,no current rank asserted,not reverified,not reverified,not reverified,not reverified,not reverified,not reverified,not reverified
ANSN,St. Anns College of Engineering and Technology,not reverified,no current rank asserted,not reverified,not reverified,not reverified,not reverified,not reverified,not reverified,not reverified
CHDL,Chadalawada Ramanamma Engineering College,not reverified,no current rank asserted,not reverified,not reverified,not reverified,not reverified,not reverified,not reverified,not reverified
PSCV,Potti Sriramulu College of Engineering and Technology,not reverified,no current rank asserted,not reverified,not reverified,not reverified,not reverified,not reverified,not reverified,not reverified
LIMT,Lingayas Institute of Management and Technology,not reverified,no current rank asserted,not reverified,not reverified,not reverified,not reverified,not reverified,not reverified,not reverified
ASIP,Amrita Sai Institute of Science and Technology,not reverified,no current rank asserted,not reverified,not reverified,not reverified,not reverified,not reverified,not reverified,not reverified
BVTS,Bonam Venkata Chalamaiah Institute of Tech and Sciences,not reverified,no current rank asserted,not reverified,not reverified,not reverified,not reverified,not reverified,not reverified,not reverified
TECH,Tadipatri Engineering College,not reverified,no current rank asserted,not reverified,not reverified,not reverified,not reverified,not reverified,not reverified,not reverified
MLEW,Malineni Lakshmaiah Womens Engineering College,not reverified,no current rank asserted,not reverified,not reverified,not reverified,not reverified,not reverified,not reverified,not reverified
ISTS,International School of Tech and Sci for Women,not reverified,no current rank asserted,not reverified,not reverified,not reverified,not reverified,not reverified,not reverified,not reverified
GIET,GIET Engineering College,not reverified,no current rank asserted,not reverified,not reverified,not reverified,not reverified,not reverified,not reverified,not reverified
ALIT,Andhra Loyola Institute of Engineering and Technology,not reverified,no current rank asserted,not reverified,not reverified,not reverified,not reverified,not reverified,not reverified,not reverified
SSCC,Srinivasa Institute of Technology and Mang Studies,not reverified,no current rank asserted,not reverified,not reverified,not reverified,not reverified,not reverified,not reverified,not reverified
ALTS,Anantha Lakshmi Institute of Technology and Sci,not reverified,no current rank asserted,not reverified,not reverified,not reverified,not reverified,not reverified,not reverified,not reverified
SRIT,Srinivasa Ramanujan Institute of Technology,not reverified,no current rank asserted,not reverified,not reverified,not reverified,not reverified,not reverified,not reverified,not reverified
BVCE,B V Chalamaiah Engineering College,not reverified,no current rank asserted,not reverified,not reverified,not reverified,not reverified,not reverified,not reverified,not reverified
SVIK,Sri Venkateswara Institute of Science and Technology,not reverified,no current rank asserted,not reverified,not reverified,not reverified,not reverified,not reverified,not reverified,not reverified
GVIC,Golden Valley Integrated Campus,not reverified,no current rank asserted,not reverified,not reverified,not reverified,not reverified,not reverified,not reverified,not reverified
GITS,Gonna Institute of Info Technology Sciences,not reverified,no current rank asserted,not reverified,not reverified,not reverified,not reverified,not reverified,not reverified,not reverified
SREC,Santhiram Engineering College,not reverified,no current rank asserted,not reverified,not reverified,not reverified,not reverified,not reverified,not reverified,not reverified
SRIN,Srinivasa Institute of Engineering and Technology,not reverified,no current rank asserted,not reverified,not reverified,not reverified,not reverified,not reverified,not reverified,not reverified
SGEC,Sai Ganapathi Engineering College,not reverified,no current rank asserted,not reverified,not reverified,not reverified,not reverified,not reverified,not reverified,not reverified
AITK,Annamacharya Institute of Technology and Sciences — Kadapa,not reverified,no current rank asserted,not reverified,not reverified,not reverified,not reverified,not reverified,not reverified,not reverified
AITS,Annamacharya University — Rajampeta,not reverified,no current rank asserted,not reverified,not reverified,not reverified,not reverified,not reverified,not reverified,not reverified
MBUT,Mohan Babu University (MBU),not reverified,no current rank asserted,not reverified,not reverified,not reverified,not reverified,not reverified,not reverified,not reverified
GGUR,Godavari Global University (GGU),not reverified,no current rank asserted,not reverified,not reverified,not reverified,not reverified,not reverified,not reverified,not reverified
APOL,The Apollo University,not reverified,no current rank asserted,not reverified,not reverified,not reverified,not reverified,not reverified,not reverified,not reverified
BEST,BESTIU — Anantapur,not reverified,no current rank asserted,not reverified,not reverified,not reverified,not reverified,not reverified,not reverified,not reverified
AITT,Annamacharya Institute of Technology and Sciences — Tirupati,not reverified,no current rank asserted,not reverified,not reverified,not reverified,not reverified,not reverified,not reverified,not reverified
QISE,QIS College of Engineering and Technology,not reverified,no current rank asserted,not reverified,not reverified,not reverified,not reverified,not reverified,not reverified,not reverified
ADIT,Aditya Institute of Technology and Management,not reverified,no current rank asserted,not reverified,not reverified,not reverified,not reverified,not reverified,not reverified,not reverified
MVRG,M V G R College of Engineering,not reverified,no current rank asserted,not reverified,not reverified,not reverified,not reverified,not reverified,not reverified,not reverified
GIER,Godavari Institute of Engineering and Technology,not reverified,no current rank asserted,not reverified,not reverified,not reverified,not reverified,not reverified,not reverified,not reverified
KSRM,K S R M College of Engineering,not reverified,no current rank asserted,not reverified,not reverified,not reverified,not reverified,not reverified,not reverified,not reverified
VSMR,V.S.M College of Engineering,not reverified,no current rank asserted,not reverified,not reverified,not reverified,not reverified,not reverified,not reverified,not reverified
SDTN,Siddharth Institute of Engineering and Technology,not reverified,no current rank asserted,not reverified,not reverified,not reverified,not reverified,not reverified,not reverified,not reverified
SANK,Audhisankara College of Engineering and Technology,not reverified,no current rank asserted,not reverified,not reverified,not reverified,not reverified,not reverified,not reverified,not reverified
RCEE,Ramachandra College of Engineering,not reverified,no current rank asserted,not reverified,not reverified,not reverified,not reverified,not reverified,not reverified,not reverified
GTNN,Geethanjali Institute of Science and Technology,not reverified,no current rank asserted,not reverified,not reverified,not reverified,not reverified,not reverified,not reverified,not reverified
NRIA,Dr. RVR NRI Institute of Technology (NRI Deemed University),not reverified,no current rank asserted,not reverified,not reverified,not reverified,not reverified,not reverified,not reverified,not reverified
CRRE,Sir C R R College of Engineering,not reverified,no current rank asserted,not reverified,not reverified,not reverified,not reverified,not reverified,not reverified,not reverified
VIEW,Vignans Institute of Engineering for Women,not reverified,no current rank asserted,not reverified,not reverified,not reverified,not reverified,not reverified,not reverified,not reverified
SIST,Siddhartha Institute of Sci and Technology,not reverified,no current rank asserted,not reverified,not reverified,not reverified,not reverified,not reverified,not reverified,not reverified
DIET,Dadi Institute of Engineering and Technology,not reverified,no current rank asserted,not reverified,not reverified,not reverified,not reverified,not reverified,not reverified,not reverified
DLBC,Dr L Bullayya College of Engineering,not reverified,no current rank asserted,not reverified,not reverified,not reverified,not reverified,not reverified,not reverified,not reverified
KVSR,Dr.K.V.Subba Reddy Institute of Technology,not reverified,no current rank asserted,not reverified,not reverified,not reverified,not reverified,not reverified,not reverified,not reverified
SRKI,S R K Institute of Technology,not reverified,no current rank asserted,not reverified,not reverified,not reverified,not reverified,not reverified,not reverified,not reverified
SVCN,Sree Venkateswara College of Engg,not reverified,no current rank asserted,not reverified,not reverified,not reverified,not reverified,not reverified,not reverified,not reverified
MPLW,Sri Mittapalli iNst of Technology for Women,not reverified,no current rank asserted,not reverified,not reverified,not reverified,not reverified,not reverified,not reverified,not reverified
ABRK,ABR College of Engineering and Technology,not reverified,no current rank asserted,not reverified,not reverified,not reverified,not reverified,not reverified,not reverified,not reverified
RIET,Rajamahendri Institute of Engineering and Technology,not reverified,no current rank asserted,not reverified,not reverified,not reverified,not reverified,not reverified,not reverified,not reverified
SVPP,Sri Venkatesa Perumal College of Engineering and Tech,not reverified,no current rank asserted,not reverified,not reverified,not reverified,not reverified,not reverified,not reverified,not reverified
KHIT,Kallam Haranadh Reddy Institute of Tech,not reverified,no current rank asserted,not reverified,not reverified,not reverified,not reverified,not reverified,not reverified,not reverified
RPRA,Rise Krishna Sai Prakasam Group of Institutions,not reverified,no current rank asserted,not reverified,not reverified,not reverified,not reverified,not reverified,not reverified,not reverified
ACEE,Adarsh College of Engineering,not reverified,no current rank asserted,not reverified,not reverified,not reverified,not reverified,not reverified,not reverified,not reverified
AMRN,A.M.Reddy Memorial College of Engineering,not reverified,no current rank asserted,not reverified,not reverified,not reverified,not reverified,not reverified,not reverified,not reverified
ASTC,Avanthis St Theressa Institute of Engineering and Technology,not reverified,no current rank asserted,not reverified,not reverified,not reverified,not reverified,not reverified,not reverified,not reverified
ASVR,SVR Engineering College,not reverified,no current rank asserted,not reverified,not reverified,not reverified,not reverified,not reverified,not reverified,not reverified
BABA,Baba Institute of Tech and Sciences,not reverified,no current rank asserted,not reverified,not reverified,not reverified,not reverified,not reverified,not reverified,not reverified
BEMA,Bheema Institute of Technology and Sci,not reverified,no current rank asserted,not reverified,not reverified,not reverified,not reverified,not reverified,not reverified,not reverified
BRNK,Brindavan Institute of Technology and Sci,not reverified,no current rank asserted,not reverified,not reverified,not reverified,not reverified,not reverified,not reverified,not reverified
BVCR,BVC Engineering College,not reverified,no current rank asserted,not reverified,not reverified,not reverified,not reverified,not reverified,not reverified,not reverified
BVRM,Bhimavaram Institute of Engineering and Technology,not reverified,no current rank asserted,not reverified,not reverified,not reverified,not reverified,not reverified,not reverified,not reverified
BVSR,BVSR Engineering College,not reverified,no current rank asserted,not reverified,not reverified,not reverified,not reverified,not reverified,not reverified,not reverified
BWEC,Bapatla Womens Engineering College,not reverified,no current rank asserted,not reverified,not reverified,not reverified,not reverified,not reverified,not reverified,not reverified
CECC,Chirala Engineering College,not reverified,no current rank asserted,not reverified,not reverified,not reverified,not reverified,not reverified,not reverified,not reverified
CHBR,Chebrolu Engineering College,not reverified,no current rank asserted,not reverified,not reverified,not reverified,not reverified,not reverified,not reverified,not reverified
CHKN,Chaitanya Institute of Sciences and Technology,not reverified,no current rank asserted,not reverified,not reverified,not reverified,not reverified,not reverified,not reverified,not reverified
CIET,Chalapathi Institute of Engineering and Technology,not reverified,no current rank asserted,not reverified,not reverified,not reverified,not reverified,not reverified,not reverified,not reverified
CITY,Chalapathi Institute of Technology,not reverified,no current rank asserted,not reverified,not reverified,not reverified,not reverified,not reverified,not reverified,not reverified
CVRT,Sir C.V Raman Institute of Technology Sciences,not reverified,no current rank asserted,not reverified,not reverified,not reverified,not reverified,not reverified,not reverified,not reverified
DHAN,Dhanekula Institute of Engineering Technology,not reverified,no current rank asserted,not reverified,not reverified,not reverified,not reverified,not reverified,not reverified,not reverified
DJRC,Sri Chaitanya DJR College of Engineering and Tech,not reverified,no current rank asserted,not reverified,not reverified,not reverified,not reverified,not reverified,not reverified,not reverified
DSIT,D.B.S.Institute of Technology,not reverified,no current rank asserted,not reverified,not reverified,not reverified,not reverified,not reverified,not reverified,not reverified
ESWR,Eswar College of Engineering,not reverified,no current rank asserted,not reverified,not reverified,not reverified,not reverified,not reverified,not reverified,not reverified
GDMM,G.D.M.M. College of Engineering and Technology,not reverified,no current rank asserted,not reverified,not reverified,not reverified,not reverified,not reverified,not reverified,not reverified
GECG,Guntur Engineering College,not reverified,no current rank asserted,not reverified,not reverified,not reverified,not reverified,not reverified,not reverified,not reverified
GLIM,A1 Global Institute of Engineering Technology,not reverified,no current rank asserted,not reverified,not reverified,not reverified,not reverified,not reverified,not reverified,not reverified
GTMW,Gouthami Institute of Technology Management for Women,not reverified,no current rank asserted,not reverified,not reverified,not reverified,not reverified,not reverified,not reverified,not reverified
HITE,Helapuri Institute of Tech and Science,not reverified,no current rank asserted,not reverified,not reverified,not reverified,not reverified,not reverified,not reverified,not reverified
IDEL,Ideal Institute of Technology,not reverified,no current rank asserted,not reverified,not reverified,not reverified,not reverified,not reverified,not reverified,not reverified
IITM,Indira Institute of Technology Sci,not reverified,no current rank asserted,not reverified,not reverified,not reverified,not reverified,not reverified,not reverified,not reverified
JGNN,Jagans College of Engineering and Technology,not reverified,no current rank asserted,not reverified,not reverified,not reverified,not reverified,not reverified,not reverified,not reverified
JONY,St. Johns College of Engineering and Technology,not reverified,no current rank asserted,not reverified,not reverified,not reverified,not reverified,not reverified,not reverified,not reverified
KCIT,Krishna Chaitanya Institute of Technology and Sciences,not reverified,no current rank asserted,not reverified,not reverified,not reverified,not reverified,not reverified,not reverified,not reverified
KECW,Krishnaveni Engineering College for Women,not reverified,no current rank asserted,not reverified,not reverified,not reverified,not reverified,not reverified,not reverified,not reverified
KLMW,K.Lakshumma Memorial College of Engineering for Women,not reverified,no current rank asserted,not reverified,not reverified,not reverified,not reverified,not reverified,not reverified,not reverified
KMMT,KMM Institute of Technology and Science,not reverified,no current rank asserted,not reverified,not reverified,not reverified,not reverified,not reverified,not reverified,not reverified
KORK,Kandula Obul Reddy Memorial College of Engineering,not reverified,no current rank asserted,not reverified,not reverified,not reverified,not reverified,not reverified,not reverified,not reverified
KUPM,Kuppam Engineering College,not reverified,no current rank asserted,not reverified,not reverified,not reverified,not reverified,not reverified,not reverified,not reverified
LENO,Lenora College of Engineering,not reverified,no current rank asserted,not reverified,not reverified,not reverified,not reverified,not reverified,not reverified,not reverified
MICT,DVR and Dr.HS MIC College of Technology,not reverified,no current rank asserted,not reverified,not reverified,not reverified,not reverified,not reverified,not reverified,not reverified
MIET,Mandava Institute of Engineering and Technology,not reverified,no current rank asserted,not reverified,not reverified,not reverified,not reverified,not reverified,not reverified,not reverified
MJRT,MJR College of Engineering and Technology,not reverified,no current rank asserted,not reverified,not reverified,not reverified,not reverified,not reverified,not reverified,not reverified
MRCL,Miracle EDNL Soc Group of Instns,not reverified,no current rank asserted,not reverified,not reverified,not reverified,not reverified,not reverified,not reverified,not reverified
NEWS,Newtons Institute of Sci and Tech,not reverified,no current rank asserted,not reverified,not reverified,not reverified,not reverified,not reverified,not reverified,not reverified
NEWT,Newton Institute of Engineering,not reverified,no current rank asserted,not reverified,not reverified,not reverified,not reverified,not reverified,not reverified,not reverified
NIST,Narayanadri Institute of Sci Technology,not reverified,no current rank asserted,not reverified,not reverified,not reverified,not reverified,not reverified,not reverified,not reverified
NMRE,Nimra College of Engineering and Technology,not reverified,no current rank asserted,not reverified,not reverified,not reverified,not reverified,not reverified,not reverified,not reverified
NRIT,NRI Institute of Technology,not reverified,no current rank asserted,not reverified,not reverified,not reverified,not reverified,not reverified,not reverified,not reverified
NSRT,Nadimpalli Satyanarayana Raju Institute of Technology,not reverified,no current rank asserted,not reverified,not reverified,not reverified,not reverified,not reverified,not reverified,not reverified
PIIT,Priyadarshini Institute of Tech and Management,not reverified,no current rank asserted,not reverified,not reverified,not reverified,not reverified,not reverified,not reverified,not reverified
PITT,Priyadarshini Institute of Technology and Sciences,not reverified,no current rank asserted,not reverified,not reverified,not reverified,not reverified,not reverified,not reverified,not reverified
PITW,Priyadarshini Institute of Tech and Sciences for Women,not reverified,no current rank asserted,not reverified,not reverified,not reverified,not reverified,not reverified,not reverified,not reverified
PKSK,Prakasam Engineering College,not reverified,no current rank asserted,not reverified,not reverified,not reverified,not reverified,not reverified,not reverified,not reverified
PPDV,Paladugu Parvathi Devi College of Engineering and Tech,not reverified,no current rank asserted,not reverified,not reverified,not reverified,not reverified,not reverified,not reverified,not reverified
PREC,Dr Paul Rajs Engineering College,not reverified,no current rank asserted,not reverified,not reverified,not reverified,not reverified,not reverified,not reverified,not reverified
PVKK,P.V.K.K. Institute of Technology,not reverified,no current rank asserted,not reverified,not reverified,not reverified,not reverified,not reverified,not reverified,not reverified
PYDE,Pydah College of Engineering,not reverified,no current rank asserted,not reverified,not reverified,not reverified,not reverified,not reverified,not reverified,not reverified
QUBA,Quba College of Engineering and Technology,not reverified,no current rank asserted,not reverified,not reverified,not reverified,not reverified,not reverified,not reverified,not reverified
RAVW,Ravindra College of Engineering for Women,not reverified,no current rank asserted,not reverified,not reverified,not reverified,not reverified,not reverified,not reverified,not reverified
RGAN,Rise Krishna Sai Gandhi Group of Institutions,not reverified,no current rank asserted,not reverified,not reverified,not reverified,not reverified,not reverified,not reverified,not reverified
RKCE,R.K.College of Engineering,not reverified,no current rank asserted,not reverified,not reverified,not reverified,not reverified,not reverified,not reverified,not reverified
RSRN,Ramireddy Subba Ramireddy Engineering College,not reverified,no current rank asserted,not reverified,not reverified,not reverified,not reverified,not reverified,not reverified,not reverified
SGIT,Dr Samuel George Institute of Engineering and Technology,not reverified,no current rank asserted,not reverified,not reverified,not reverified,not reverified,not reverified,not reverified,not reverified
SGVP,Satya Institute of Technology and Management,not reverified,no current rank asserted,not reverified,not reverified,not reverified,not reverified,not reverified,not reverified,not reverified
SIMH,Simhadri EDNL Soc Group of Instns,not reverified,no current rank asserted,not reverified,not reverified,not reverified,not reverified,not reverified,not reverified,not reverified
SMGG,St.Marys Group of Institutions,not reverified,no current rank asserted,not reverified,not reverified,not reverified,not reverified,not reverified,not reverified,not reverified
SRTS,Srinivasa Institute of Technology and Science,not reverified,no current rank asserted,not reverified,not reverified,not reverified,not reverified,not reverified,not reverified,not reverified
SSSE,Sanskrithi School of Engineering,not reverified,no current rank asserted,not reverified,not reverified,not reverified,not reverified,not reverified,not reverified,not reverified
STMV,Sankethika Institute of Technology Management,not reverified,no current rank asserted,not reverified,not reverified,not reverified,not reverified,not reverified,not reverified,not reverified
SVHE,D M S S V H College of Engineering,not reverified,no current rank asserted,not reverified,not reverified,not reverified,not reverified,not reverified,not reverified,not reverified
UNIV,Universal College of Engineering and Technology,not reverified,no current rank asserted,not reverified,not reverified,not reverified,not reverified,not reverified,not reverified,not reverified
URCE,Usha Rama College of Engineering and Technology,not reverified,no current rank asserted,not reverified,not reverified,not reverified,not reverified,not reverified,not reverified,not reverified
VEMU,Vemu Institute of Technology,not reverified,no current rank asserted,not reverified,not reverified,not reverified,not reverified,not reverified,not reverified,not reverified
VETS,SR Venkateswara College of Engineering,not reverified,no current rank asserted,not reverified,not reverified,not reverified,not reverified,not reverified,not reverified,not reverified
VISM,Viswam Engineering College,not reverified,no current rank asserted,not reverified,not reverified,not reverified,not reverified,not reverified,not reverified,not reverified
VITW,Vijaya Institute of Technology for Women,not reverified,no current rank asserted,not reverified,not reverified,not reverified,not reverified,not reverified,not reverified,not reverified
VNRC,Velaga Nagesware Rao College of Engineering,not reverified,no current rank asserted,not reverified,not reverified,not reverified,not reverified,not reverified,not reverified,not reverified
VSPT,Visakha Institute of Engineering and Technology,not reverified,no current rank asserted,not reverified,not reverified,not reverified,not reverified,not reverified,not reverified,not reverified
VVGV,VKR VNB and AGK Engineering College,not reverified,no current rank asserted,not reverified,not reverified,not reverified,not reverified,not reverified,not reverified,not reverified
WISE,West Godavari Institute of Science and Engineering,not reverified,no current rank asserted,not reverified,not reverified,not reverified,not reverified,not reverified,not reverified,not reverified
WSTM,Wellfare Institute of Science Tech and Management,not reverified,no current rank asserted,not reverified,not reverified,not reverified,not reverified,not reverified,not reverified,not reverified
ASNW,ASN Womens Engineering College,not reverified,no current rank asserted,not reverified,not reverified,not reverified,not reverified,not reverified,not reverified,not reverified
AIET,Amara Institute of Engineering & Technology,not reverified,no current rank asserted,not reverified,not reverified,not reverified,not reverified,not reverified,not reverified,not reverified
CECG,Chintalapudi Engineering College,not reverified,no current rank asserted,not reverified,not reverified,not reverified,not reverified,not reverified,not reverified,not reverified
DBIT,Don Bosco Institute of Technology & Science,not reverified,no current rank asserted,not reverified,not reverified,not reverified,not reverified,not reverified,not reverified,not reverified
EVMN,EVM College of Engineering & Technology,not reverified,no current rank asserted,not reverified,not reverified,not reverified,not reverified,not reverified,not reverified,not reverified
GVRW,GVR and S College of Engineering for Women,not reverified,no current rank asserted,not reverified,not reverified,not reverified,not reverified,not reverified,not reverified,not reverified
GVRS,GVR and S College of Engineering & Technology,not reverified,no current rank asserted,not reverified,not reverified,not reverified,not reverified,not reverified,not reverified,not reverified
HMKS,Haji Mohammed Kashim Saheb College of Engineering,not reverified,no current rank asserted,not reverified,not reverified,not reverified,not reverified,not reverified,not reverified,not reverified
HIND,Hindu College of Engineering and Technology,not reverified,no current rank asserted,not reverified,not reverified,not reverified,not reverified,not reverified,not reverified,not reverified
KKRS,KKR and KSR Institute of Technology and Sciences,not reverified,no current rank asserted,not reverified,not reverified,not reverified,not reverified,not reverified,not reverified,not reverified
LOYL,Loyola Institute of Technology and Management,not reverified,no current rank asserted,not reverified,not reverified,not reverified,not reverified,not reverified,not reverified,not reverified
STEN,Sai Tirumala NVR Engineering College,not reverified,no current rank asserted,not reverified,not reverified,not reverified,not reverified,not reverified,not reverified,not reverified
MPLG,Sri Mittapalli College of Engineering,not reverified,no current rank asserted,not reverified,not reverified,not reverified,not reverified,not reverified,not reverified,not reverified
STMW,St Marys Womens Engineering College,not reverified,no current rank asserted,not reverified,not reverified,not reverified,not reverified,not reverified,not reverified,not reverified
VNIW,Vignans Nirula Institute of Technology and Sciences for Women,not reverified,no current rank asserted,not reverified,not reverified,not reverified,not reverified,not reverified,not reverified,not reverified
NLND,Nalanda Institute of Engineering and Technology,not reverified,no current rank asserted,not reverified,not reverified,not reverified,not reverified,not reverified,not reverified,not reverified
NITN,Narsaraopet Institute of Technology,not reverified,no current rank asserted,not reverified,not reverified,not reverified,not reverified,not reverified,not reverified,not reverified
NVRT,NVR College of Engineering and Technology,not reverified,no current rank asserted,not reverified,not reverified,not reverified,not reverified,not reverified,not reverified,not reverified
ACEM,Aditya College of Engineering,not reverified,no current rank asserted,not reverified,not reverified,not reverified,not reverified,not reverified,not reverified,not reverified
CVSE,Chadalawada Venkata Subbaiah College of Engineering,not reverified,no current rank asserted,not reverified,not reverified,not reverified,not reverified,not reverified,not reverified,not reverified
JBWC,JB Womens Engineering College,not reverified,no current rank asserted,not reverified,not reverified,not reverified,not reverified,not reverified,not reverified,not reverified
KKCW,KKC Institute of Technology and Engineering for Women,not reverified,no current rank asserted,not reverified,not reverified,not reverified,not reverified,not reverified,not reverified,not reverified
KKCT,KKC Institute of Technology and Engineering,not reverified,no current rank asserted,not reverified,not reverified,not reverified,not reverified,not reverified,not reverified,not reverified
PDIT,Priyadarshini Institute of Technology,not reverified,no current rank asserted,not reverified,not reverified,not reverified,not reverified,not reverified,not reverified,not reverified
SSEC,Sai Sakthi Engineering College,not reverified,no current rank asserted,not reverified,not reverified,not reverified,not reverified,not reverified,not reverified,not reverified
SWTW,Swetha Institute of Technology and Sciences for Women,not reverified,no current rank asserted,not reverified,not reverified,not reverified,not reverified,not reverified,not reverified,not reverified
VTTW,Vaishnavi Institute of Technology for Women,not reverified,no current rank asserted,not reverified,not reverified,not reverified,not reverified,not reverified,not reverified,not reverified
SHRE,Shree Institute of Technological Education,not reverified,no current rank asserted,not reverified,not reverified,not reverified,not reverified,not reverified,not reverified,not reverified
SRET,Sree Rama Engineering College,not reverified,no current rank asserted,not reverified,not reverified,not reverified,not reverified,not reverified,not reverified,not reverified
SVCE,Sri Venkateswara College of Engineering,not reverified,no current rank asserted,not reverified,not reverified,not reverified,not reverified,not reverified,not reverified,not reverified
SKHE,Sri Kalahastiswara Institute of Technology,not reverified,no current rank asserted,not reverified,not reverified,not reverified,not reverified,not reverified,not reverified,not reverified
DJRV,DJR Institute of Engineering and Technology,not reverified,no current rank asserted,not reverified,not reverified,not reverified,not reverified,not reverified,not reverified,not reverified
GIST,Gandhiji Institute of Science and Technology,not reverified,no current rank asserted,not reverified,not reverified,not reverified,not reverified,not reverified,not reverified,not reverified
GDNW,Gurindapalli Devananda Mary Memorial College for Women,not reverified,no current rank asserted,not reverified,not reverified,not reverified,not reverified,not reverified,not reverified,not reverified
MSIT,Montessori Siva Sivani Institute of Science and Technology,not reverified,no current rank asserted,not reverified,not reverified,not reverified,not reverified,not reverified,not reverified,not reverified
MVRS,MVR College of Engineering and Technology,not reverified,no current rank asserted,not reverified,not reverified,not reverified,not reverified,not reverified,not reverified,not reverified
NMRV,Nimra Institute of Science and Technology,not reverified,no current rank asserted,not reverified,not reverified,not reverified,not reverified,not reverified,not reverified,not reverified
NMRW,Nimra Womens College of Engineering,not reverified,no current rank asserted,not reverified,not reverified,not reverified,not reverified,not reverified,not reverified,not reverified
VCTN,Vikas College of Engineering and Technology,not reverified,no current rank asserted,not reverified,not reverified,not reverified,not reverified,not reverified,not reverified,not reverified
SITT,Sarojini Institute of Technology,not reverified,no current rank asserted,not reverified,not reverified,not reverified,not reverified,not reverified,not reverified,not reverified
AMAN,Al-Aman College of Engineering,not reverified,no current rank asserted,not reverified,not reverified,not reverified,not reverified,not reverified,not reverified,not reverified
AMIR,Al-Ameer College of Engineering and IT,not reverified,no current rank asserted,not reverified,not reverified,not reverified,not reverified,not reverified,not reverified,not reverified
ASKC,Amaksik College of Technology and Management,not reverified,no current rank asserted,not reverified,not reverified,not reverified,not reverified,not reverified,not reverified,not reverified
AVEN,Avanthi Institute of Engineering and Technology,not reverified,no current rank asserted,not reverified,not reverified,not reverified,not reverified,not reverified,not reverified,not reverified
CEVP,Chaitanya Engineering College,not reverified,no current rank asserted,not reverified,not reverified,not reverified,not reverified,not reverified,not reverified,not reverified
BULL,Dr L Bullaiah College of Engineering for Women,not reverified,no current rank asserted,not reverified,not reverified,not reverified,not reverified,not reverified,not reverified,not reverified
GNDI,Gandi Institute of Technology and Management,not reverified,no current rank asserted,not reverified,not reverified,not reverified,not reverified,not reverified,not reverified,not reverified
INDO,Indo American Institutions Technical Campus,not reverified,no current rank asserted,not reverified,not reverified,not reverified,not reverified,not reverified,not reverified,not reverified
KUSH,Kaushik College of Engineering,not reverified,no current rank asserted,not reverified,not reverified,not reverified,not reverified,not reverified,not reverified,not reverified
NECW,Nightingale Engineering College for Women,not reverified,no current rank asserted,not reverified,not reverified,not reverified,not reverified,not reverified,not reverified,not reverified
SAVE,Sankethika Vidya Parishad Engineering College,not reverified,no current rank asserted,not reverified,not reverified,not reverified,not reverified,not reverified,not reverified,not reverified
VIVP,Vignans Institute of Information Technology,not reverified,no current rank asserted,not reverified,not reverified,not reverified,not reverified,not reverified,not reverified,not reverified
VTMV,Viswanadha Institute of Technology and Management,not reverified,no current rank asserted,not reverified,not reverified,not reverified,not reverified,not reverified,not reverified,not reverified
VIZB,Vizag Institute of Technology,not reverified,no current rank asserted,not reverified,not reverified,not reverified,not reverified,not reverified,not reverified,not reverified
VLNV,Varahalakshmi Narasimhaswamy Education Trust Group of Institutions,not reverified,no current rank asserted,not reverified,not reverified,not reverified,not reverified,not reverified,not reverified,not reverified
VSBV,Visakha Engineering College,not reverified,no current rank asserted,not reverified,not reverified,not reverified,not reverified,not reverified,not reverified,not reverified
ASRK,ASR College of Engineering and Technology,not reverified,no current rank asserted,not reverified,not reverified,not reverified,not reverified,not reverified,not reverified,not reverified
ACES,Aditya College of Engineering,not reverified,no current rank asserted,not reverified,not reverified,not reverified,not reverified,not reverified,not reverified,not reverified
ACET,Aditya College of Engineering and Technology,not reverified,no current rank asserted,not reverified,not reverified,not reverified,not reverified,not reverified,not reverified,not reverified
AIME,Amalapuram Institute of Management Sciences College of Engineering,not reverified,no current rank asserted,not reverified,not reverified,not reverified,not reverified,not reverified,not reverified,not reverified
BITW,Badari Institute of Technology and Sciences for Women,not reverified,no current rank asserted,not reverified,not reverified,not reverified,not reverified,not reverified,not reverified,not reverified
BENA,Benaiah Institute of Technology and Sciences,not reverified,no current rank asserted,not reverified,not reverified,not reverified,not reverified,not reverified,not reverified,not reverified
CETR,Chaitanya Institute of Engineering and Technology,not reverified,no current rank asserted,not reverified,not reverified,not reverified,not reverified,not reverified,not reverified,not reverified
GITE,GIET Engineering College,not reverified,no current rank asserted,not reverified,not reverified,not reverified,not reverified,not reverified,not reverified,not reverified
KIEW,Kakinada Institute of Engineering and Technology for Women,not reverified,no current rank asserted,not reverified,not reverified,not reverified,not reverified,not reverified,not reverified,not reverified
KIET,Kakinada Institute of Engineering and Technology,not reverified,no current rank asserted,not reverified,not reverified,not reverified,not reverified,not reverified,not reverified,not reverified
KISR,Kakinada Institute of Technology and Sciences,not reverified,no current rank asserted,not reverified,not reverified,not reverified,not reverified,not reverified,not reverified,not reverified
SACS,Sri Aditya Engineering College,not reverified,no current rank asserted,not reverified,not reverified,not reverified,not reverified,not reverified,not reverified,not reverified
SISS,Sri Sai Aditya Institute of Science and Technology,not reverified,no current rank asserted,not reverified,not reverified,not reverified,not reverified,not reverified,not reverified,not reverified
SVNE,Sri Vidya Niketan Engineering College,not reverified,no current rank asserted,not reverified,not reverified,not reverified,not reverified,not reverified,not reverified,not reverified
KPIT,Krishnas Pragathi Institute of Technology,not reverified,no current rank asserted,not reverified,not reverified,not reverified,not reverified,not reverified,not reverified,not reverified
AECN,Atmakur Engineering College,not reverified,no current rank asserted,not reverified,not reverified,not reverified,not reverified,not reverified,not reverified,not reverified
ASCW,Audisankara College of Engineering for Women,not reverified,no current rank asserted,not reverified,not reverified,not reverified,not reverified,not reverified,not reverified,not reverified
ASIT,Audishankara Institute of Technology,not reverified,no current rank asserted,not reverified,not reverified,not reverified,not reverified,not reverified,not reverified,not reverified
AVVN,AVS College of Engineering and Technology,not reverified,no current rank asserted,not reverified,not reverified,not reverified,not reverified,not reverified,not reverified,not reverified
BEAM,Balaji Institute of Engineering and Management Studies,not reverified,no current rank asserted,not reverified,not reverified,not reverified,not reverified,not reverified,not reverified,not reverified
BCEN,Brahmaiah College of Engineering,not reverified,no current rank asserted,not reverified,not reverified,not reverified,not reverified,not reverified,not reverified,not reverified
BRSN,Brahmas Institute of Engineering and Technology,not reverified,no current rank asserted,not reverified,not reverified,not reverified,not reverified,not reverified,not reverified,not reverified
GKCS,Gokula Krishna College of Engineering,not reverified,no current rank asserted,not reverified,not reverified,not reverified,not reverified,not reverified,not reverified,not reverified
KSNK,KSN Institute of Technology,not reverified,no current rank asserted,not reverified,not reverified,not reverified,not reverified,not reverified,not reverified,not reverified
MLET,Malineni Lakshmaiah Institute of Engineering and Technology,not reverified,no current rank asserted,not reverified,not reverified,not reverified,not reverified,not reverified,not reverified,not reverified
MRMU,Mekapati Rajamohan Reddy Institute of Technology and Sciences,not reverified,no current rank asserted,not reverified,not reverified,not reverified,not reverified,not reverified,not reverified,not reverified
NRNG,Narayana Engineering College,not reverified,no current rank asserted,not reverified,not reverified,not reverified,not reverified,not reverified,not reverified,not reverified
NARN,Narayana Engineering College Nellore,not reverified,no current rank asserted,not reverified,not reverified,not reverified,not reverified,not reverified,not reverified,not reverified
NBKR,NBKR Institute of Science and Technology,not reverified,no current rank asserted,not reverified,not reverified,not reverified,not reverified,not reverified,not reverified,not reverified
VITK,PBR Visvodaya Institute of Technology and Sciences,not reverified,no current rank asserted,not reverified,not reverified,not reverified,not reverified,not reverified,not reverified,not reverified
PRIK,Priyadarshini College of Engineering and Technology,not reverified,no current rank asserted,not reverified,not reverified,not reverified,not reverified,not reverified,not reverified,not reverified
SRVT,Sri Raghavendra Institute of Technology and Sciences,not reverified,no current rank asserted,not reverified,not reverified,not reverified,not reverified,not reverified,not reverified,not reverified
ALFA,Alfa College of Engineering and Technology,not reverified,no current rank asserted,not reverified,not reverified,not reverified,not reverified,not reverified,not reverified,not reverified
AVSV,AVR and SVR Engineering College,not reverified,no current rank asserted,not reverified,not reverified,not reverified,not reverified,not reverified,not reverified,not reverified
KVSW,Dr KV Subba Reddy College of Engineering for Women,not reverified,no current rank asserted,not reverified,not reverified,not reverified,not reverified,not reverified,not reverified,not reverified
INPW,Indira Priyadarshini College of Engineering and Technology for Women,not reverified,no current rank asserted,not reverified,not reverified,not reverified,not reverified,not reverified,not reverified,not reverified
KTMK,Kottam College of Engineering,not reverified,no current rank asserted,not reverified,not reverified,not reverified,not reverified,not reverified,not reverified,not reverified
KKIT,Kottam Karunakara Reddy Institute of Technology,not reverified,no current rank asserted,not reverified,not reverified,not reverified,not reverified,not reverified,not reverified,not reverified
SAFA,Safa College of Engineering and Technology,not reverified,no current rank asserted,not reverified,not reverified,not reverified,not reverified,not reverified,not reverified,not reverified
SECT,Srinivasa College of Engineering and Technology,not reverified,no current rank asserted,not reverified,not reverified,not reverified,not reverified,not reverified,not reverified,not reverified
STFN,Stanley Stephen College of Engineering and Technology,not reverified,no current rank asserted,not reverified,not reverified,not reverified,not reverified,not reverified,not reverified,not reverified
SYLW,Syamaladevi Institute of Technology for Women,not reverified,no current rank asserted,not reverified,not reverified,not reverified,not reverified,not reverified,not reverified,not reverified
MLEC,Malineni Lakshmaiah Engineering College,not reverified,no current rank asserted,not reverified,not reverified,not reverified,not reverified,not reverified,not reverified,not reverified
PACE,PACE Institute of Technology and Sciences,not reverified,no current rank asserted,not reverified,not reverified,not reverified,not reverified,not reverified,not reverified,not reverified
QITO,QIS Institute of Technology,not reverified,no current rank asserted,not reverified,not reverified,not reverified,not reverified,not reverified,not reverified,not reverified
RNEC,Rao and Naidu Engineering College,not reverified,no current rank asserted,not reverified,not reverified,not reverified,not reverified,not reverified,not reverified,not reverified
ABIT,Akshaya Bharathi Institute of Technology,not reverified,no current rank asserted,not reverified,not reverified,not reverified,not reverified,not reverified,not reverified,not reverified
ANMB,Anjan Institute of Technology and Management,not reverified,no current rank asserted,not reverified,not reverified,not reverified,not reverified,not reverified,not reverified,not reverified
BITP,Balaji Institute of Technology and Sciences,not reverified,no current rank asserted,not reverified,not reverified,not reverified,not reverified,not reverified,not reverified,not reverified
BCTW,Bharath College of Engineering and Technology for Women,not reverified,no current rank asserted,not reverified,not reverified,not reverified,not reverified,not reverified,not reverified,not reverified
CBTK,Chaitanya Bharati Institute of Technology,not reverified,no current rank asserted,not reverified,not reverified,not reverified,not reverified,not reverified,not reverified,not reverified
YSET,Dr YSR Institute of Engineering and Technology,not reverified,no current rank asserted,not reverified,not reverified,not reverified,not reverified,not reverified,not reverified,not reverified
GLBC,Global College of Engineering and Technology,not reverified,no current rank asserted,not reverified,not reverified,not reverified,not reverified,not reverified,not reverified,not reverified
MKTW,Modugula Kalavathama Institute of Technology for Women,not reverified,no current rank asserted,not reverified,not reverified,not reverified,not reverified,not reverified,not reverified,not reverified
SRIP,Sai Rajeswari Institute of Technology,not reverified,no current rank asserted,not reverified,not reverified,not reverified,not reverified,not reverified,not reverified,not reverified
SVCK,Sri Venkateswara College of Engineering Kadapa,not reverified,no current rank asserted,not reverified,not reverified,not reverified,not reverified,not reverified,not reverified,not reverified
AKRG,AKRG College of Engineering and Technology,not reverified,no current rank asserted,not reverified,not reverified,not reverified,not reverified,not reverified,not reverified,not reverified
AGCT,Akula Gopayya College of Engineering and Technology,not reverified,no current rank asserted,not reverified,not reverified,not reverified,not reverified,not reverified,not reverified,not reverified
ASEK,Akula Sreeramulu College of Engineering,not reverified,no current rank asserted,not reverified,not reverified,not reverified,not reverified,not reverified,not reverified,not reverified
BSTG,Best Group of Institutions,not reverified,no current rank asserted,not reverified,not reverified,not reverified,not reverified,not reverified,not reverified,not reverified
CECB,Chaitanya Engineering College Bhimavaram,not reverified,no current rank asserted,not reverified,not reverified,not reverified,not reverified,not reverified,not reverified,not reverified
ELRU,Eluru College of Engineering and Technology,not reverified,no current rank asserted,not reverified,not reverified,not reverified,not reverified,not reverified,not reverified,not reverified
GIEJ,Gayatri Institute of Engineering and Technology,not reverified,no current rank asserted,not reverified,not reverified,not reverified,not reverified,not reverified,not reverified,not reverified
GVIT,Grandhi Varalakshmi Venkatarao Institute of Technology,not reverified,no current rank asserted,not reverified,not reverified,not reverified,not reverified,not reverified,not reverified,not reverified
JITE,Jogaiah Institute of Technology and Science,not reverified,no current rank asserted,not reverified,not reverified,not reverified,not reverified,not reverified,not reverified,not reverified
MPTB,Mentey Padmanabham College of Engineering and Technology,not reverified,no current rank asserted,not reverified,not reverified,not reverified,not reverified,not reverified,not reverified,not reverified
NITL,Narasapur Institute of Technology,not reverified,no current rank asserted,not reverified,not reverified,not reverified,not reverified,not reverified,not reverified,not reverified
NOVA,Nova College of Engineering and Technology,not reverified,no current rank asserted,not reverified,not reverified,not reverified,not reverified,not reverified,not reverified,not reverified
NITE,Novas Institute of Technology,not reverified,no current rank asserted,not reverified,not reverified,not reverified,not reverified,not reverified,not reverified,not reverified
NVEW,Novas Institute of Technology for Women,not reverified,no current rank asserted,not reverified,not reverified,not reverified,not reverified,not reverified,not reverified,not reverified
SASI,Sasi Institute of Technology and Engineering,not reverified,no current rank asserted,not reverified,not reverified,not reverified,not reverified,not reverified,not reverified,not reverified
VSVT,Sri Vasavi Engineering College,not reverified,no current rank asserted,not reverified,not reverified,not reverified,not reverified,not reverified,not reverified,not reverified
BITM,Bhaskara Institute of Technology and Science,not reverified,no current rank asserted,not reverified,not reverified,not reverified,not reverified,not reverified,not reverified,not reverified
MITR,Mithra Institute of Technology,not reverified,no current rank asserted,not reverified,not reverified,not reverified,not reverified,not reverified,not reverified,not reverified
PITM,Prajna Institute of Technology and Management,not reverified,no current rank asserted,not reverified,not reverified,not reverified,not reverified,not reverified,not reverified,not reverified
SITM,Sarada Institute of Science Technology and Management,not reverified,no current rank asserted,not reverified,not reverified,not reverified,not reverified,not reverified,not reverified,not reverified
SRKT,Shiva Rama Krishna College of Engineering and Technology,not reverified,no current rank asserted,not reverified,not reverified,not reverified,not reverified,not reverified,not reverified,not reverified
SSCE,Sri Sivani College of Engineering,not reverified,no current rank asserted,not reverified,not reverified,not reverified,not reverified,not reverified,not reverified,not reverified
SITS,Sri Sivani Institute of Technology,not reverified,no current rank asserted,not reverified,not reverified,not reverified,not reverified,not reverified,not reverified,not reverified
VAIS,Sri Vaishnavi College of Engineering,not reverified,no current rank asserted,not reverified,not reverified,not reverified,not reverified,not reverified,not reverified,not reverified
AVEV,Avanthi Institute of Engineering and Technology Bhogapuram,not reverified,no current rank asserted,not reverified,not reverified,not reverified,not reverified,not reverified,not reverified,not reverified
ARTB,Avanthis Research and Technological Academy,not reverified,no current rank asserted,not reverified,not reverified,not reverified,not reverified,not reverified,not reverified,not reverified
BGIB,Brindavan Group of Institutions,not reverified,no current rank asserted,not reverified,not reverified,not reverified,not reverified,not reverified,not reverified,not reverified
CITM,Coastal Institute of Technology and Management,not reverified,no current rank asserted,not reverified,not reverified,not reverified,not reverified,not reverified,not reverified,not reverified
GOKB,Gokul Institute of Technology and Sciences,not reverified,no current rank asserted,not reverified,not reverified,not reverified,not reverified,not reverified,not reverified,not reverified
GGIB,Gurukul Group of Institutions,not reverified,no current rank asserted,not reverified,not reverified,not reverified,not reverified,not reverified,not reverified,not reverified
JNTV,JNTU College of Engineering Vizianagaram,not reverified,no current rank asserted,not reverified,not reverified,not reverified,not reverified,not reverified,not reverified,not reverified
PIME,Praveenya Institute of Marine Engineering,not reverified,no current rank asserted,not reverified,not reverified,not reverified,not reverified,not reverified,not reverified,not reverified
GNAW,Sri Gnaneswari Research and Technological Academy for Women,not reverified,no current rank asserted,not reverified,not reverified,not reverified,not reverified,not reverified,not reverified,not reverified
STIC,St Theresa Institute of Engineering and Technology,not reverified,no current rank asserted,not reverified,not reverified,not reverified,not reverified,not reverified,not reverified,not reverified
SVEB,Swamy Vivekananda Engineering College,not reverified,no current rank asserted,not reverified,not reverified,not reverified,not reverified,not reverified,not reverified,not reverified
TPIB,Thandra Paparaya Institute of Sciences and Technology,not reverified,no current rank asserted,not reverified,not reverified,not reverified,not reverified,not reverified,not reverified,not reverified
SVAP,Sri Venkateswara Institute of Technology,not reverified,no current rank asserted,not reverified,not reverified,not reverified,not reverified,not reverified,not reverified,not reverified
CRMT,Chiranjeevi Reddy Group of Institutions,not reverified,no current rank asserted,not reverified,not reverified,not reverified,not reverified,not reverified,not reverified,not reverified
MALI,Moula Ali College of Engineering and Technology,not reverified,no current rank asserted,not reverified,not reverified,not reverified,not reverified,not reverified,not reverified,not reverified
CESM,St Mark Educational Society Group of Institutions,not reverified,no current rank asserted,not reverified,not reverified,not reverified,not reverified,not reverified,not reverified,not reverified
INIS,Intel Institute of Sciences,not reverified,no current rank asserted,not reverified,not reverified,not reverified,not reverified,not reverified,not reverified,not reverified
SSEA,Shri Sai Institute of Engineering and Technology,not reverified,no current rank asserted,not reverified,not reverified,not reverified,not reverified,not reverified,not reverified,not reverified
BTHP,BIT Institute of Technology Hindupur,not reverified,no current rank asserted,not reverified,not reverified,not reverified,not reverified,not reverified,not reverified,not reverified
ACPS,Aditya College Of Pharmacy,not reverified,no current rank asserted,not reverified,not reverified,not reverified,not reverified,not reverified,not reverified,not reverified
ADCP,Adarsha Coll Of Pharmacy,not reverified,no current rank asserted,not reverified,not reverified,not reverified,not reverified,not reverified,not reverified,not reverified
AKRP,A.K.R.G. College Of Pharmacy,not reverified,no current rank asserted,not reverified,not reverified,not reverified,not reverified,not reverified,not reverified,not reverified
ANCP,Annamacharya College Of Pharmacy,not reverified,no current rank asserted,not reverified,not reverified,not reverified,not reverified,not reverified,not reverified,not reverified
ANNP,St.Anns College Of Pharamacy,not reverified,no current rank asserted,not reverified,not reverified,not reverified,not reverified,not reverified,not reverified,not reverified
ANUPSF,Anu Coll Of Pharmaceutical Sciences,not reverified,no current rank asserted,not reverified,not reverified,not reverified,not reverified,not reverified,not reverified,not reverified
APCS,Aditya Pharmacy College,not reverified,no current rank asserted,not reverified,not reverified,not reverified,not reverified,not reverified,not reverified,not reverified
ASNT,A S N Pharmacy College,not reverified,no current rank asserted,not reverified,not reverified,not reverified,not reverified,not reverified,not reverified,not reverified
AUCPSF,Pharmacy-Self Finance,not reverified,no current rank asserted,not reverified,not reverified,not reverified,not reverified,not reverified,not reverified,not reverified
AVNP,Avanthi Inst. Of Pharm. Sci.,not reverified,no current rank asserted,not reverified,not reverified,not reverified,not reverified,not reverified,not reverified,not reverified
BAKR,B.A. And K.R. College Of Pharmacy,not reverified,no current rank asserted,not reverified,not reverified,not reverified,not reverified,not reverified,not reverified,not reverified
BALA,Balaji College Of Pharmacy,not reverified,no current rank asserted,not reverified,not reverified,not reverified,not reverified,not reverified,not reverified,not reverified
BCOP,Bapatla College Of Pharmacy,not reverified,no current rank asserted,not reverified,not reverified,not reverified,not reverified,not reverified,not reverified,not reverified
BIPB,Bhaskara Inst. Of Pharmacy,not reverified,no current rank asserted,not reverified,not reverified,not reverified,not reverified,not reverified,not reverified,not reverified
CCPM,Chaitanya College Of Pharmacy,not reverified,no current rank asserted,not reverified,not reverified,not reverified,not reverified,not reverified,not reverified,not reverified
CHVN,S. Chavan College Of Pharmacy,not reverified,no current rank asserted,not reverified,not reverified,not reverified,not reverified,not reverified,not reverified,not reverified
CLPT,Pharmaceutical Sci.,not reverified,no current rank asserted,not reverified,not reverified,not reverified,not reverified,not reverified,not reverified,not reverified
CRRP,Sir C.R.Reddy College Of Pharmacy,not reverified,no current rank asserted,not reverified,not reverified,not reverified,not reverified,not reverified,not reverified,not reverified
CSNP,Dr.C.S.N.Institute Of Pharmacy,not reverified,no current rank asserted,not reverified,not reverified,not reverified,not reverified,not reverified,not reverified,not reverified
DCRM,D C R M College Of Pharmacy,not reverified,no current rank asserted,not reverified,not reverified,not reverified,not reverified,not reverified,not reverified,not reverified
EMNL,Emmanual College Of Pharmacy,not reverified,no current rank asserted,not reverified,not reverified,not reverified,not reverified,not reverified,not reverified,not reverified
FIPK,Fathima Institute Of Pharmacy,not reverified,no current rank asserted,not reverified,not reverified,not reverified,not reverified,not reverified,not reverified,not reverified
GIPR,Giet School Of Pharmacy,not reverified,no current rank asserted,not reverified,not reverified,not reverified,not reverified,not reverified,not reverified,not reverified
GKPS,Gokula Krishna College Of Pharmacy,not reverified,no current rank asserted,not reverified,not reverified,not reverified,not reverified,not reverified,not reverified,not reverified
GRAP,Green Royal Academy Of Pharm Edn Sci Koyyalagudem,not reverified,no current rank asserted,not reverified,not reverified,not reverified,not reverified,not reverified,not reverified,not reverified
HICP,Hindu College Of Pharmacy,not reverified,no current rank asserted,not reverified,not reverified,not reverified,not reverified,not reverified,not reverified,not reverified
JAGN,Jagans College Of Pharmacy,not reverified,no current rank asserted,not reverified,not reverified,not reverified,not reverified,not reverified,not reverified,not reverified
JITS,Jogaiah Inst Of Technology And Sci,not reverified,no current rank asserted,not reverified,not reverified,not reverified,not reverified,not reverified,not reverified,not reverified
JNKP,Jntuk College Of Pharmacy,not reverified,no current rank asserted,not reverified,not reverified,not reverified,not reverified,not reverified,not reverified,not reverified
JNYP,St.Johns College Of Pharm Sci,not reverified,no current rank asserted,not reverified,not reverified,not reverified,not reverified,not reverified,not reverified,not reverified
KCPT,Koringa College Of Pharmacy,not reverified,no current rank asserted,not reverified,not reverified,not reverified,not reverified,not reverified,not reverified,not reverified
KCRP,K C Reddy College Of Pharmacy,not reverified,no current rank asserted,not reverified,not reverified,not reverified,not reverified,not reverified,not reverified,not reverified
KGRP,K G R L College Of Pharmacy,not reverified,no current rank asserted,not reverified,not reverified,not reverified,not reverified,not reverified,not reverified,not reverified
KJRP,K.J.R.College Of Pharmacy,not reverified,no current rank asserted,not reverified,not reverified,not reverified,not reverified,not reverified,not reverified,not reverified
KTPT,Krishna Teja Pharmacy College,not reverified,no current rank asserted,not reverified,not reverified,not reverified,not reverified,not reverified,not reverified,not reverified
KVSP,Dr.K V Subba Reddy Inst Of Pharmacy,not reverified,no current rank asserted,not reverified,not reverified,not reverified,not reverified,not reverified,not reverified,not reverified
LYDP,Lydia College Of Pharmacy,not reverified,no current rank asserted,not reverified,not reverified,not reverified,not reverified,not reverified,not reverified,not reverified
MAMN,M.A.M College Of Pharmacy,not reverified,no current rank asserted,not reverified,not reverified,not reverified,not reverified,not reverified,not reverified,not reverified
MCPM,Mahathi College Of Pharmacy,not reverified,no current rank asserted,not reverified,not reverified,not reverified,not reverified,not reverified,not reverified,not reverified
MHRJ,Maharajahs College Pharmacy,not reverified,no current rank asserted,not reverified,not reverified,not reverified,not reverified,not reverified,not reverified,not reverified
MRNP,Mrr College Of Pharmacy Nandigama Nandigama,not reverified,no current rank asserted,not reverified,not reverified,not reverified,not reverified,not reverified,not reverified,not reverified
NICP,Nirmala College Of Pharmacy,not reverified,no current rank asserted,not reverified,not reverified,not reverified,not reverified,not reverified,not reverified,not reverified
NOVP,Nova College Of Pharmacy,not reverified,no current rank asserted,not reverified,not reverified,not reverified,not reverified,not reverified,not reverified,not reverified
NRIP,N R I College Of Pharmacy,not reverified,no current rank asserted,not reverified,not reverified,not reverified,not reverified,not reverified,not reverified,not reverified
NRML,Nirmala Coll. Of Pharm,not reverified,no current rank asserted,not reverified,not reverified,not reverified,not reverified,not reverified,not reverified,not reverified
NRNP,Narayana Pharmacy College,not reverified,no current rank asserted,not reverified,not reverified,not reverified,not reverified,not reverified,not reverified,not reverified
NSPP,Narsaraopet Instt. Of Pharm.Sci.,not reverified,no current rank asserted,not reverified,not reverified,not reverified,not reverified,not reverified,not reverified,not reverified
PBTP,Prabhat Inst Of Pharmacy,not reverified,no current rank asserted,not reverified,not reverified,not reverified,not reverified,not reverified,not reverified,not reverified
PIPR,Education And Research,not reverified,no current rank asserted,not reverified,not reverified,not reverified,not reverified,not reverified,not reverified,not reverified
PYDP,Pydah College Of Pharmacy,not reverified,no current rank asserted,not reverified,not reverified,not reverified,not reverified,not reverified,not reverified,not reverified
QISP,Qis College Of Pharmacy,not reverified,no current rank asserted,not reverified,not reverified,not reverified,not reverified,not reverified,not reverified,not reverified
RAOS,Raos College Of Pharmacy,not reverified,no current rank asserted,not reverified,not reverified,not reverified,not reverified,not reverified,not reverified,not reverified
RCPV,Raghu College Of Pharmacy,not reverified,no current rank asserted,not reverified,not reverified,not reverified,not reverified,not reverified,not reverified,not reverified
RESN,Rathnam Inst Of Pharm,not reverified,no current rank asserted,not reverified,not reverified,not reverified,not reverified,not reverified,not reverified,not reverified
RGCP,Rajiv Gandhi College Of Pharmacy,not reverified,no current rank asserted,not reverified,not reverified,not reverified,not reverified,not reverified,not reverified,not reverified
RHLP,Rahul College Of Pharm. Sci And Res,not reverified,no current rank asserted,not reverified,not reverified,not reverified,not reverified,not reverified,not reverified,not reverified
SAIP,Sri Sai College Of Pharmacy,not reverified,no current rank asserted,not reverified,not reverified,not reverified,not reverified,not reverified,not reverified,not reverified
SAPV,St.Anns College Of Pharamacy,not reverified,no current rank asserted,not reverified,not reverified,not reverified,not reverified,not reverified,not reverified,not reverified
SCPB,Sri Vishnu College Of Pharmacy,not reverified,no current rank asserted,not reverified,not reverified,not reverified,not reverified,not reverified,not reverified,not reverified
SCPN,Swathi College Of Pharmacy,not reverified,no current rank asserted,not reverified,not reverified,not reverified,not reverified,not reverified,not reverified,not reverified
SCPY,Sujana College Of Pharmacy,not reverified,no current rank asserted,not reverified,not reverified,not reverified,not reverified,not reverified,not reverified,not reverified
SESP,Seshachala College Of Pharmacy,not reverified,no current rank asserted,not reverified,not reverified,not reverified,not reverified,not reverified,not reverified,not reverified
SFAP,Safa College Of Pharmacy,not reverified,no current rank asserted,not reverified,not reverified,not reverified,not reverified,not reverified,not reverified,not reverified
SHCP,Seven Hills College Of Pharmacy,not reverified,no current rank asserted,not reverified,not reverified,not reverified,not reverified,not reverified,not reverified,not reverified
SIMS,Sims College Of Pharmacy,not reverified,no current rank asserted,not reverified,not reverified,not reverified,not reverified,not reverified,not reverified,not reverified
SIPN,Siddhartha Inst Of Pharm Sci,not reverified,no current rank asserted,not reverified,not reverified,not reverified,not reverified,not reverified,not reverified,not reverified
SIPP,Srinivasa Inst Of Pharm Sci,not reverified,no current rank asserted,not reverified,not reverified,not reverified,not reverified,not reverified,not reverified,not reverified
SIPS,Nalanda Inst Of Pharm.Sci.,not reverified,no current rank asserted,not reverified,not reverified,not reverified,not reverified,not reverified,not reverified,not reverified
SKCP,S K C College Of Pharmacy,not reverified,no current rank asserted,not reverified,not reverified,not reverified,not reverified,not reverified,not reverified,not reverified
SKUPSF,SKU College of Pharmaceutical Sciences — Self Finance,not reverified,no current rank asserted,not reverified,not reverified,not reverified,not reverified,not reverified,not reverified,not reverified
SMCP,St. Marys Coll. Pharm Surampalem,not reverified,no current rank asserted,not reverified,not reverified,not reverified,not reverified,not reverified,not reverified,not reverified
SPCN,Sri Siddhaartha Pharm. College,not reverified,no current rank asserted,not reverified,not reverified,not reverified,not reverified,not reverified,not reverified,not reverified
SPMS,Sri Padmavati Mahila Visvavidyalayam — College of Pharmacy,not reverified,no current rank asserted,not reverified,not reverified,not reverified,not reverified,not reverified,not reverified,not reverified
SPSP,Sri Padmavathi School Of Pharmacy,not reverified,no current rank asserted,not reverified,not reverified,not reverified,not reverified,not reverified,not reverified,not reverified
SRCN,Santhiram College Of Pharmacy,not reverified,no current rank asserted,not reverified,not reverified,not reverified,not reverified,not reverified,not reverified,not reverified
SRPN,Sashikanth Reddy Coll Of Pharm,not reverified,no current rank asserted,not reverified,not reverified,not reverified,not reverified,not reverified,not reverified,not reverified
SRPS,Sankar Reddy Inst Of Pharm Sci,not reverified,no current rank asserted,not reverified,not reverified,not reverified,not reverified,not reverified,not reverified,not reverified
SRPV,Srinivasa Rao Coll. Of Pharmacy,not reverified,no current rank asserted,not reverified,not reverified,not reverified,not reverified,not reverified,not reverified,not reverified
SSCP,Sri Sivani College Of Pharmacy,not reverified,no current rank asserted,not reverified,not reverified,not reverified,not reverified,not reverified,not reverified,not reverified
SUNP,Sun Inst Of Pharm Edn And Research,not reverified,no current rank asserted,not reverified,not reverified,not reverified,not reverified,not reverified,not reverified,not reverified
SVUPSF,S V University College Of Sciences,not reverified,no current rank asserted,not reverified,not reverified,not reverified,not reverified,not reverified,not reverified,not reverified
VANI,VANI Institute of Pharmaceutical Sciences,not reverified,no current rank asserted,not reverified,not reverified,not reverified,not reverified,not reverified,not reverified,not reverified
VBCP,Pharmaceutical Sci.S,not reverified,no current rank asserted,not reverified,not reverified,not reverified,not reverified,not reverified,not reverified,not reverified
VCPG,Vagdevi College Of Pharmacy,not reverified,no current rank asserted,not reverified,not reverified,not reverified,not reverified,not reverified,not reverified,not reverified
VICG,Victoria College Of Pharmacy,not reverified,no current rank asserted,not reverified,not reverified,not reverified,not reverified,not reverified,not reverified,not reverified
VIKS,Vikas Coll. Of Pharmacy,not reverified,no current rank asserted,not reverified,not reverified,not reverified,not reverified,not reverified,not reverified,not reverified
VIPV,Vignan Inst.Of Pharm.,not reverified,no current rank asserted,not reverified,not reverified,not reverified,not reverified,not reverified,not reverified,not reverified
VIPW,Vijaya Inst Of Pharm Sci For Women,not reverified,no current rank asserted,not reverified,not reverified,not reverified,not reverified,not reverified,not reverified,not reverified
VJCP,V Js College Of Pharmacy,not reverified,no current rank asserted,not reverified,not reverified,not reverified,not reverified,not reverified,not reverified,not reverified
VKSR,Vikas Inst. Of Pharm.Sci.,not reverified,no current rank asserted,not reverified,not reverified,not reverified,not reverified,not reverified,not reverified,not reverified
VNIP,Viswanatha Inst Of Pharm Sci,not reverified,no current rank asserted,not reverified,not reverified,not reverified,not reverified,not reverified,not reverified,not reverified
VPCV,Vignan Pharmacy College,not reverified,no current rank asserted,not reverified,not reverified,not reverified,not reverified,not reverified,not reverified,not reverified
VRSP,Pharmaceutical Sci.S,not reverified,no current rank asserted,not reverified,not reverified,not reverified,not reverified,not reverified,not reverified,not reverified
VSPP,Vasavi Inst Of Pharm Sciences,not reverified,no current rank asserted,not reverified,not reverified,not reverified,not reverified,not reverified,not reverified,not reverified
VSVP,Sri Vasavi Inst. Of Pharm. Sci.,not reverified,no current rank asserted,not reverified,not reverified,not reverified,not reverified,not reverified,not reverified,not reverified
VVIP,VV Institute of Pharmaceutical Sciences,not reverified,no current rank asserted,not reverified,not reverified,not reverified,not reverified,not reverified,not reverified,not reverified
XAVP,St Xavier Inst Of Pharmacy,not reverified,no current rank asserted,not reverified,not reverified,not reverified,not reverified,not reverified,not reverified,not reverified
YLMV,Yelamarty B. Pharmacy College,not reverified,no current rank asserted,not reverified,not reverified,not reverified,not reverified,not reverified,not reverified,not reverified
ABND,Aurobindo Coll. Of Pharm. Sci,not reverified,no current rank asserted,not reverified,not reverified,not reverified,not reverified,not reverified,not reverified,not reverified
ANRP,Anurag Pharmacy College,not reverified,no current rank asserted,not reverified,not reverified,not reverified,not reverified,not reverified,not reverified,not reverified
ANWP,Anwar-Uloom College Of Pharmacy,not reverified,no current rank asserted,not reverified,not reverified,not reverified,not reverified,not reverified,not reverified,not reverified
ARYA,Arya College Of Pharmacy,not reverified,no current rank asserted,not reverified,not reverified,not reverified,not reverified,not reverified,not reverified,not reverified
AVHP,Avanthi Inst Of Pharmsci,not reverified,no current rank asserted,not reverified,not reverified,not reverified,not reverified,not reverified,not reverified,not reverified
BIPS,Balaji Inst. Of Pharm. Sci,not reverified,no current rank asserted,not reverified,not reverified,not reverified,not reverified,not reverified,not reverified,not reverified
BIPT,Bharat School Of Pharmacy,not reverified,no current rank asserted,not reverified,not reverified,not reverified,not reverified,not reverified,not reverified,not reverified
BITL,Bharat Institute Of Technology,not reverified,no current rank asserted,not reverified,not reverified,not reverified,not reverified,not reverified,not reverified,not reverified
BNPW,Bojjam Narasimhulu Pharm. Coll. For Women Saidabad,not reverified,no current rank asserted,not reverified,not reverified,not reverified,not reverified,not reverified,not reverified,not reverified
BOMP,Bomma Inst Of Pharmacy,not reverified,no current rank asserted,not reverified,not reverified,not reverified,not reverified,not reverified,not reverified,not reverified
BPCP,Bhaskar Pharmacy College,not reverified,no current rank asserted,not reverified,not reverified,not reverified,not reverified,not reverified,not reverified,not reverified
BRWN,Browns Coll. Of Pharmacy,not reverified,no current rank asserted,not reverified,not reverified,not reverified,not reverified,not reverified,not reverified,not reverified
CARE,Care Coll. Of Pharmacy,not reverified,no current rank asserted,not reverified,not reverified,not reverified,not reverified,not reverified,not reverified,not reverified
CBCP,Chilkur Balaji College Of Pharmacy,not reverified,no current rank asserted,not reverified,not reverified,not reverified,not reverified,not reverified,not reverified,not reverified
CCRP,Chaitanya Coll Of Pharm Edn And Research,not reverified,no current rank asserted,not reverified,not reverified,not reverified,not reverified,not reverified,not reverified,not reverified
CHTP,Sree Chaitanya Inst Of Pharm Sci,not reverified,no current rank asserted,not reverified,not reverified,not reverified,not reverified,not reverified,not reverified,not reverified
CMRP,C M R Coll. Of Pharmacy,not reverified,no current rank asserted,not reverified,not reverified,not reverified,not reverified,not reverified,not reverified,not reverified
CVMP,Cvm College Of Pharmacy,not reverified,no current rank asserted,not reverified,not reverified,not reverified,not reverified,not reverified,not reverified,not reverified
DIPS,Dhanvanthari Inst Of Pharm Sci,not reverified,no current rank asserted,not reverified,not reverified,not reverified,not reverified,not reverified,not reverified,not reverified
DNVP,Dhanvanthari College Of Pharm Sci,not reverified,no current rank asserted,not reverified,not reverified,not reverified,not reverified,not reverified,not reverified,not reverified
DSOP,Deccan School Of Pharmacy,not reverified,no current rank asserted,not reverified,not reverified,not reverified,not reverified,not reverified,not reverified,not reverified
GBCP,Global College Of Pharmacy,not reverified,no current rank asserted,not reverified,not reverified,not reverified,not reverified,not reverified,not reverified,not reverified
GCPK,Geethanjali Coll. Of Pharm,not reverified,no current rank asserted,not reverified,not reverified,not reverified,not reverified,not reverified,not reverified,not reverified
GJCP,Gyana Jyothi College Of Pharmacy,not reverified,no current rank asserted,not reverified,not reverified,not reverified,not reverified,not reverified,not reverified,not reverified
GLND,Gland Inst Of Pharaceutical Sciences,not reverified,no current rank asserted,not reverified,not reverified,not reverified,not reverified,not reverified,not reverified,not reverified
GPRP,G P R College Of Pharmacy,not reverified,no current rank asserted,not reverified,not reverified,not reverified,not reverified,not reverified,not reverified,not reverified
GRCP,Gokaraju Rangaraju College Of Pharmacy,not reverified,no current rank asserted,not reverified,not reverified,not reverified,not reverified,not reverified,not reverified,not reverified
HMIP,Holy Mary Inst. Of Tech. And Sci. - B.Pharm,not reverified,no current rank asserted,not reverified,not reverified,not reverified,not reverified,not reverified,not reverified,not reverified
INDP,Sri Indu Inst. Of Pharmacy,not reverified,no current rank asserted,not reverified,not reverified,not reverified,not reverified,not reverified,not reverified,not reverified
JANG,Jangoan Institute Of Pharmaceutical Sci.S,not reverified,no current rank asserted,not reverified,not reverified,not reverified,not reverified,not reverified,not reverified,not reverified
JBCP,Joginpally B R Pharmacy College,not reverified,no current rank asserted,not reverified,not reverified,not reverified,not reverified,not reverified,not reverified,not reverified
JCPN,Jayamukhi College Of Pharmacy,not reverified,no current rank asserted,not reverified,not reverified,not reverified,not reverified,not reverified,not reverified,not reverified
JIPS,Jayamukhi Inst Of Pharm. Sci.,not reverified,no current rank asserted,not reverified,not reverified,not reverified,not reverified,not reverified,not reverified,not reverified
JMIP,Jyothishmathi Inst Of Pharm Sci,not reverified,no current rank asserted,not reverified,not reverified,not reverified,not reverified,not reverified,not reverified,not reverified
KHMP,Khammam College Of Pharmacy,not reverified,no current rank asserted,not reverified,not reverified,not reverified,not reverified,not reverified,not reverified,not reverified
KIPH,Kottam Inst. Of Pharmacy,not reverified,no current rank asserted,not reverified,not reverified,not reverified,not reverified,not reverified,not reverified,not reverified
KRCP,Kl R Pharmacy College,not reverified,no current rank asserted,not reverified,not reverified,not reverified,not reverified,not reverified,not reverified,not reverified
KRUP,Sri Krupa Institute Of Pharmaceutical Sci.S,not reverified,no current rank asserted,not reverified,not reverified,not reverified,not reverified,not reverified,not reverified,not reverified
KUCP,K U College Of Pharmaceutical Sciences,not reverified,no current rank asserted,not reverified,not reverified,not reverified,not reverified,not reverified,not reverified,not reverified
KVKP,K V K College Of Pharmacy,not reverified,no current rank asserted,not reverified,not reverified,not reverified,not reverified,not reverified,not reverified,not reverified
MAKP,M A K College Of Pharmacy,not reverified,no current rank asserted,not reverified,not reverified,not reverified,not reverified,not reverified,not reverified,not reverified
MAXP,Max Inst Of Pharm Sci,not reverified,no current rank asserted,not reverified,not reverified,not reverified,not reverified,not reverified,not reverified,not reverified
MDRP,Madira Inst. Of Technology.And Sci.,not reverified,no current rank asserted,not reverified,not reverified,not reverified,not reverified,not reverified,not reverified,not reverified
MESP,Mesco College Of Pharmacy,not reverified,no current rank asserted,not reverified,not reverified,not reverified,not reverified,not reverified,not reverified,not reverified
MLIP,Marri Laxman Reddy Institute Of Pharmacy,not reverified,no current rank asserted,not reverified,not reverified,not reverified,not reverified,not reverified,not reverified,not reverified
MNRP,M N R College Of Pharmacy,not reverified,no current rank asserted,not reverified,not reverified,not reverified,not reverified,not reverified,not reverified,not reverified
MOTP,Mother Therasa College Of Pharmacy,not reverified,no current rank asserted,not reverified,not reverified,not reverified,not reverified,not reverified,not reverified,not reverified
MRCP,Malla Reddy College Of Pharmacy,not reverified,no current rank asserted,not reverified,not reverified,not reverified,not reverified,not reverified,not reverified,not reverified
MRIP,Malla Reddy Inist. Of Pharm. Sci.,not reverified,no current rank asserted,not reverified,not reverified,not reverified,not reverified,not reverified,not reverified,not reverified
MRPC,Malla Reddy Pharmacy College,not reverified,no current rank asserted,not reverified,not reverified,not reverified,not reverified,not reverified,not reverified,not reverified
MTPG,Mother Teresa College Of Pharmacy,not reverified,no current rank asserted,not reverified,not reverified,not reverified,not reverified,not reverified,not reverified,not reverified
NCOP,Nalanda College Of Pharmacy,not reverified,no current rank asserted,not reverified,not reverified,not reverified,not reverified,not reverified,not reverified,not reverified
NIPH,Netaji Inst. Of Pharm. Sci,not reverified,no current rank asserted,not reverified,not reverified,not reverified,not reverified,not reverified,not reverified,not reverified
NTJP,Nethaji Instt Of Pharm. Sci.,not reverified,no current rank asserted,not reverified,not reverified,not reverified,not reverified,not reverified,not reverified,not reverified
OMGP,Omega College Of Pharmacy,not reverified,no current rank asserted,not reverified,not reverified,not reverified,not reverified,not reverified,not reverified,not reverified
PCOP,Princeton College Of Pharmacy,not reverified,no current rank asserted,not reverified,not reverified,not reverified,not reverified,not reverified,not reverified,not reverified
PIPS,Prathishta Inst Of Pharm Sci.,not reverified,no current rank asserted,not reverified,not reverified,not reverified,not reverified,not reverified,not reverified,not reverified
PLMU,Palamur University,not reverified,no current rank asserted,not reverified,not reverified,not reverified,not reverified,not reverified,not reverified,not reverified
PULI,Pulipati Prasad Coll Of Pharm Sci.,not reverified,no current rank asserted,not reverified,not reverified,not reverified,not reverified,not reverified,not reverified,not reverified
PURD,Pulla Reddy Inst. Of Pharmacy Dindigul,not reverified,no current rank asserted,not reverified,not reverified,not reverified,not reverified,not reverified,not reverified,not reverified
RBVW,R B V R R Womens College Of Pharmacy,not reverified,no current rank asserted,not reverified,not reverified,not reverified,not reverified,not reverified,not reverified,not reverified
SAIK,Sri Sai Ednl Soc Grp Of Instns,not reverified,no current rank asserted,not reverified,not reverified,not reverified,not reverified,not reverified,not reverified,not reverified
SANP,Sana College Of Pharmacy,not reverified,no current rank asserted,not reverified,not reverified,not reverified,not reverified,not reverified,not reverified,not reverified
SCOP,Shadan College Of Pharmacy,not reverified,no current rank asserted,not reverified,not reverified,not reverified,not reverified,not reverified,not reverified,not reverified
SCTP,Scient Inst Of Pharmacy,not reverified,no current rank asserted,not reverified,not reverified,not reverified,not reverified,not reverified,not reverified,not reverified
SDCP,Surabhi Dayakar Rao College Of Pharmacy,not reverified,no current rank asserted,not reverified,not reverified,not reverified,not reverified,not reverified,not reverified,not reverified
SDIP,Sri Datta College Of Pharmacy,not reverified,no current rank asserted,not reverified,not reverified,not reverified,not reverified,not reverified,not reverified,not reverified
SHIP,Sahasra Inst Of Pharm Sci.,not reverified,no current rank asserted,not reverified,not reverified,not reverified,not reverified,not reverified,not reverified,not reverified
SJPY,St John College Of Pharmacy,not reverified,no current rank asserted,not reverified,not reverified,not reverified,not reverified,not reverified,not reverified,not reverified
SKIH,Sri Kakatiya Inst Of Pharm Sci,not reverified,no current rank asserted,not reverified,not reverified,not reverified,not reverified,not reverified,not reverified,not reverified
SLCP,S L C College Of Pharmacy,not reverified,no current rank asserted,not reverified,not reverified,not reverified,not reverified,not reverified,not reverified,not reverified
SMPS,St.Marys College Of Pharmacy,not reverified,no current rank asserted,not reverified,not reverified,not reverified,not reverified,not reverified,not reverified,not reverified
SNVM,S N Vanitha Pharmacy Maha Vidyalaya,not reverified,no current rank asserted,not reverified,not reverified,not reverified,not reverified,not reverified,not reverified,not reverified
SPKG,Samskruthi College Of Pharmacy,not reverified,no current rank asserted,not reverified,not reverified,not reverified,not reverified,not reverified,not reverified,not reverified
SPLP,St.Pauls College Of Pharmacy,not reverified,no current rank asserted,not reverified,not reverified,not reverified,not reverified,not reverified,not reverified,not reverified
SPOP,St. Peters Institute Of Pharmaceutical Sci.,not reverified,no current rank asserted,not reverified,not reverified,not reverified,not reverified,not reverified,not reverified,not reverified
SRCP,S R R College Of Pharmaceutical Sci.S,not reverified,no current rank asserted,not reverified,not reverified,not reverified,not reverified,not reverified,not reverified,not reverified
SREE,Sree College Of Pharmacy,not reverified,no current rank asserted,not reverified,not reverified,not reverified,not reverified,not reverified,not reverified,not reverified
SRTN,Swamy Ramananda Thirtha Inst. Of Pharm Sci Nalgonda,not reverified,no current rank asserted,not reverified,not reverified,not reverified,not reverified,not reverified,not reverified,not reverified
SSJP,S S J College Of Pharmacy,not reverified,no current rank asserted,not reverified,not reverified,not reverified,not reverified,not reverified,not reverified,not reverified
SSRP,Smt Sarojini Ramulamma College Of Pharmacymahabubnagar,not reverified,no current rank asserted,not reverified,not reverified,not reverified,not reverified,not reverified,not reverified,not reverified
SUUP,Sultan Ul-Uloom College Of Pharmacy,not reverified,no current rank asserted,not reverified,not reverified,not reverified,not reverified,not reverified,not reverified,not reverified
SVHU,Satavahana University,not reverified,no current rank asserted,not reverified,not reverified,not reverified,not reverified,not reverified,not reverified,not reverified
SVHUSF,Satavahana University - Self Finance,not reverified,no current rank asserted,not reverified,not reverified,not reverified,not reverified,not reverified,not reverified,not reverified
SVIP,Swami Vivekananda Inst Of Pharm Sci,not reverified,no current rank asserted,not reverified,not reverified,not reverified,not reverified,not reverified,not reverified,not reverified
SVNP,Sri Shivani College Of Pharm,not reverified,no current rank asserted,not reverified,not reverified,not reverified,not reverified,not reverified,not reverified,not reverified
SVSP,Svs Grp Of Instns - Svs Inst Of Pharmacy,not reverified,no current rank asserted,not reverified,not reverified,not reverified,not reverified,not reverified,not reverified,not reverified
SWCP,Shadhan Womens Coll. Of Pharm.,not reverified,no current rank asserted,not reverified,not reverified,not reverified,not reverified,not reverified,not reverified,not reverified
TALP,Talla Padmavathi College Of Pharmacy,not reverified,no current rank asserted,not reverified,not reverified,not reverified,not reverified,not reverified,not reverified,not reverified
TKRP,Teegala Krishna Reddy College Of Pharmacy Mirpet,not reverified,no current rank asserted,not reverified,not reverified,not reverified,not reverified,not reverified,not reverified,not reverified
TMLP,Tirumala Coll Of Pharmacy,not reverified,no current rank asserted,not reverified,not reverified,not reverified,not reverified,not reverified,not reverified,not reverified
TPCP,Talla Padmavathi Pharmacy College,not reverified,no current rank asserted,not reverified,not reverified,not reverified,not reverified,not reverified,not reverified,not reverified
TRNP,Trinity College Of Pharmacy,not reverified,no current rank asserted,not reverified,not reverified,not reverified,not reverified,not reverified,not reverified,not reverified
TRPM,Teegala Rami Reddy Coll. Of Pharmacy,not reverified,no current rank asserted,not reverified,not reverified,not reverified,not reverified,not reverified,not reverified,not reverified
UCPB,Unity College Of Pharmacy,not reverified,no current rank asserted,not reverified,not reverified,not reverified,not reverified,not reverified,not reverified,not reverified
VAGP,Vagdevi College Of Pharmacy,not reverified,no current rank asserted,not reverified,not reverified,not reverified,not reverified,not reverified,not reverified,not reverified
VCOP,Sri Venkateswara College Of Pharmacy,not reverified,no current rank asserted,not reverified,not reverified,not reverified,not reverified,not reverified,not reverified,not reverified
VCPN,Vijay Coll Of Pharmacy,not reverified,no current rank asserted,not reverified,not reverified,not reverified,not reverified,not reverified,not reverified,not reverified
VGIH,Vivekananda Grp Of Instns,not reverified,no current rank asserted,not reverified,not reverified,not reverified,not reverified,not reverified,not reverified,not reverified
VGNP,Vignan Inst. Of Pharm. Sci.,not reverified,no current rank asserted,not reverified,not reverified,not reverified,not reverified,not reverified,not reverified,not reverified
VGPC,Vagdevi Pharmacy College,not reverified,no current rank asserted,not reverified,not reverified,not reverified,not reverified,not reverified,not reverified,not reverified
VGSP,Vaageswari College Of Pharmacy,not reverified,no current rank asserted,not reverified,not reverified,not reverified,not reverified,not reverified,not reverified,not reverified
VIPN,Venkateswara Inst Of Pharm Sci,not reverified,no current rank asserted,not reverified,not reverified,not reverified,not reverified,not reverified,not reverified,not reverified
VIPS,Vaageswari Inst. Of Pharmacy,not reverified,no current rank asserted,not reverified,not reverified,not reverified,not reverified,not reverified,not reverified,not reverified
VJYH,Vijaya College Of Pharmacy,not reverified,no current rank asserted,not reverified,not reverified,not reverified,not reverified,not reverified,not reverified,not reverified
VKAS,Vikas College Of Pharmacy,not reverified,no current rank asserted,not reverified,not reverified,not reverified,not reverified,not reverified,not reverified,not reverified
VKSP,Vikas Coll .Of Pharmaceutical Sciences,not reverified,no current rank asserted,not reverified,not reverified,not reverified,not reverified,not reverified,not reverified,not reverified
VPRG,Vision College Of Pharm.Sci And Res.,not reverified,no current rank asserted,not reverified,not reverified,not reverified,not reverified,not reverified,not reverified,not reverified
VPWL,Vaagdevi Inst. Of Pharm. Sci.,not reverified,no current rank asserted,not reverified,not reverified,not reverified,not reverified,not reverified,not reverified,not reverified
VSNU,Vishnu Inst. Of Pharm Edn And Research,not reverified,no current rank asserted,not reverified,not reverified,not reverified,not reverified,not reverified,not reverified,not reverified
AMC,Andhra Medical College,not reverified,no current rank asserted,not reverified,not reverified,not reverified,not reverified,not reverified,not reverified,not reverified
GMC,Guntur Medical College,not reverified,no current rank asserted,not reverified,not reverified,not reverified,not reverified,not reverified,not reverified,not reverified
KMC,Kurnool Medical College,not reverified,no current rank asserted,not reverified,not reverified,not reverified,not reverified,not reverified,not reverified,not reverified
RMC,Rangaraya Medical College,not reverified,no current rank asserted,not reverified,not reverified,not reverified,not reverified,not reverified,not reverified,not reverified
SVMC,Sri Venkateswara Medical College,not reverified,no current rank asserted,not reverified,not reverified,not reverified,not reverified,not reverified,not reverified,not reverified
SMC,Siddhartha Medical College,not reverified,no current rank asserted,not reverified,not reverified,not reverified,not reverified,not reverified,not reverified,not reverified
AGMC,ACSR Government Medical College,not reverified,no current rank asserted,not reverified,not reverified,not reverified,not reverified,not reverified,not reverified,not reverified
RK,RIMS Kadapa,not reverified,no current rank asserted,not reverified,not reverified,not reverified,not reverified,not reverified,not reverified,not reverified
RO,RIMS Ongole,not reverified,no current rank asserted,not reverified,not reverified,not reverified,not reverified,not reverified,not reverified,not reverified
RS,RIMS Srikakulam,not reverified,no current rank asserted,not reverified,not reverified,not reverified,not reverified,not reverified,not reverified,not reverified
GMCA,Government Medical College Anantapur,not reverified,no current rank asserted,not reverified,not reverified,not reverified,not reverified,not reverified,not reverified,not reverified
AM,AIIMS Mangalagiri,not reverified,no current rank asserted,not reverified,not reverified,not reverified,not reverified,not reverified,not reverified,not reverified
GMCM,Government Medical College Machilipatnam,not reverified,no current rank asserted,not reverified,not reverified,not reverified,not reverified,not reverified,not reverified,not reverified
GMCR,Government Medical College Rajamahendravaram,not reverified,no current rank asserted,not reverified,not reverified,not reverified,not reverified,not reverified,not reverified,not reverified
GMCE,Government Medical College Eluru,not reverified,no current rank asserted,not reverified,not reverified,not reverified,not reverified,not reverified,not reverified,not reverified
GMCN,Government Medical College Nandyal,not reverified,no current rank asserted,not reverified,not reverified,not reverified,not reverified,not reverified,not reverified,not reverified
GMCV,Government Medical College Vizianagaram,not reverified,no current rank asserted,not reverified,not reverified,not reverified,not reverified,not reverified,not reverified,not reverified
SPW,Sri Padmavathi Medical College for Women,not reverified,no current rank asserted,not reverified,not reverified,not reverified,not reverified,not reverified,not reverified,not reverified
AMC1,ASRAM Medical College,not reverified,no current rank asserted,not reverified,not reverified,not reverified,not reverified,not reverified,not reverified,not reverified
NIOM,NRI Institute of Medical Sciences,not reverified,no current rank asserted,not reverified,not reverified,not reverified,not reverified,not reverified,not reverified,not reverified
NAOM,NRI Academy of Medical Sciences,not reverified,no current rank asserted,not reverified,not reverified,not reverified,not reverified,not reverified,not reverified,not reverified
GIOM,GITAM Institute of Medical Sciences,not reverified,no current rank asserted,not reverified,not reverified,not reverified,not reverified,not reverified,not reverified,not reverified
AIOM,Apollo Institute of Medical Sciences Chittoor,not reverified,no current rank asserted,not reverified,not reverified,not reverified,not reverified,not reverified,not reverified,not reverified
GMC1,GSL Medical College,not reverified,no current rank asserted,not reverified,not reverified,not reverified,not reverified,not reverified,not reverified,not reverified
KIOM,Konaseema Institute of Medical Sciences,not reverified,no current rank asserted,not reverified,not reverified,not reverified,not reverified,not reverified,not reverified,not reverified
MIOM,Maharaja Institute of Medical Sciences,not reverified,no current rank asserted,not reverified,not reverified,not reverified,not reverified,not reverified,not reverified,not reverified
NMC,Narayana Medical College,not reverified,no current rank asserted,not reverified,not reverified,not reverified,not reverified,not reverified,not reverified,not reverified
GES,Great Eastern Medical School,not reverified,no current rank asserted,not reverified,not reverified,not reverified,not reverified,not reverified,not reverified,not reverified
KMC1,Katuri Medical College,not reverified,no current rank asserted,not reverified,not reverified,not reverified,not reverified,not reverified,not reverified,not reverified
DPS,Dr P Siddhartha Institute of Medical Sciences,not reverified,no current rank asserted,not reverified,not reverified,not reverified,not reverified,not reverified,not reverified,not reverified
FIOM,Fathima Institute of Medical Sciences,not reverified,no current rank asserted,not reverified,not reverified,not reverified,not reverified,not reverified,not reverified,not reverified
PIOM,PES Institute of Medical Sciences,not reverified,no current rank asserted,not reverified,not reverified,not reverified,not reverified,not reverified,not reverified,not reverified
SMC1,Santhiram Medical College,not reverified,no current rank asserted,not reverified,not reverified,not reverified,not reverified,not reverified,not reverified,not reverified
NIO1,Nimra Institute of Medical Sciences,not reverified,no current rank asserted,not reverified,not reverified,not reverified,not reverified,not reverified,not reverified,not reverified
VMC,Viswabharathi Medical College,not reverified,no current rank asserted,not reverified,not reverified,not reverified,not reverified,not reverified,not reverified,not reverified
GIOH,GVP Institute of Healthcare,not reverified,no current rank asserted,not reverified,not reverified,not reverified,not reverified,not reverified,not reverified,not reverified
SBMC,Sri Balaji Medical College,not reverified,no current rank asserted,not reverified,not reverified,not reverified,not reverified,not reverified,not reverified,not reverified
OMC,Osmania Medical College,not reverified,no current rank asserted,not reverified,not reverified,not reverified,not reverified,not reverified,not reverified,not reverified
GMC2,Gandhi Medical College,not reverified,no current rank asserted,not reverified,not reverified,not reverified,not reverified,not reverified,not reverified,not reverified
KMC2,Kakatiya Medical College,not reverified,no current rank asserted,not reverified,not reverified,not reverified,not reverified,not reverified,not reverified,not reverified
AB,AIIMS Bibinagar,not reverified,no current rank asserted,not reverified,not reverified,not reverified,not reverified,not reverified,not reverified,not reverified
EMCH,ESIC Medical College Hyderabad,not reverified,no current rank asserted,not reverified,not reverified,not reverified,not reverified,not reverified,not reverified,not reverified
GMC3,Government Medical College Mahabubnagar,not reverified,no current rank asserted,not reverified,not reverified,not reverified,not reverified,not reverified,not reverified,not reverified
GMCS,Government Medical College Siddipet,not reverified,no current rank asserted,not reverified,not reverified,not reverified,not reverified,not reverified,not reverified,not reverified
GMC4,Government Medical College Nizamabad,not reverified,no current rank asserted,not reverified,not reverified,not reverified,not reverified,not reverified,not reverified,not reverified
RA,RIMS Adilabad,not reverified,no current rank asserted,not reverified,not reverified,not reverified,not reverified,not reverified,not reverified,not reverified
GMC5,Government Medical College Suryapet,not reverified,no current rank asserted,not reverified,not reverified,not reverified,not reverified,not reverified,not reverified,not reverified
GMC6,Government Medical College Nalgonda,not reverified,no current rank asserted,not reverified,not reverified,not reverified,not reverified,not reverified,not reverified,not reverified
GMC7,Government Medical College Sangareddy,not reverified,no current rank asserted,not reverified,not reverified,not reverified,not reverified,not reverified,not reverified,not reverified
GMCK,Government Medical College Karimnagar,not reverified,no current rank asserted,not reverified,not reverified,not reverified,not reverified,not reverified,not reverified,not reverified
GMC8,Government Medical College Khammam,not reverified,no current rank asserted,not reverified,not reverified,not reverified,not reverified,not reverified,not reverified,not reverified
GMCW,Government Medical College Warangal,not reverified,no current rank asserted,not reverified,not reverified,not reverified,not reverified,not reverified,not reverified,not reverified
GM10,Government Medical College Mancherial,not reverified,no current rank asserted,not reverified,not reverified,not reverified,not reverified,not reverified,not reverified,not reverified
GMCJ,Government Medical College Jangaon,not reverified,no current rank asserted,not reverified,not reverified,not reverified,not reverified,not reverified,not reverified,not reverified
GM11,Government Medical College Kamareddy,not reverified,no current rank asserted,not reverified,not reverified,not reverified,not reverified,not reverified,not reverified,not reverified
GM12,Government Medical College Nagarkurnool,not reverified,no current rank asserted,not reverified,not reverified,not reverified,not reverified,not reverified,not reverified,not reverified
AIO1,Apollo Institute of Medical Sciences,not reverified,no current rank asserted,not reverified,not reverified,not reverified,not reverified,not reverified,not reverified,not reverified
BMC,Bhaskar Medical College,not reverified,no current rank asserted,not reverified,not reverified,not reverified,not reverified,not reverified,not reverified,not reverified
CAR,Chalmeda Anand Rao Institute of Medical Sciences,not reverified,no current rank asserted,not reverified,not reverified,not reverified,not reverified,not reverified,not reverified,not reverified
KIO1,Kamineni Institute of Medical Sciences,not reverified,no current rank asserted,not reverified,not reverified,not reverified,not reverified,not reverified,not reverified,not reverified
KAOM,Kamineni Academy of Medical Sciences,not reverified,no current rank asserted,not reverified,not reverified,not reverified,not reverified,not reverified,not reverified,not reverified
MRIO,Malla Reddy Institute of Medical Sciences,not reverified,no current rank asserted,not reverified,not reverified,not reverified,not reverified,not reverified,not reverified,not reverified
MRW,Malla Reddy Medical College for Women,not reverified,no current rank asserted,not reverified,not reverified,not reverified,not reverified,not reverified,not reverified,not reverified
MMC,Mamata Medical College,not reverified,no current rank asserted,not reverified,not reverified,not reverified,not reverified,not reverified,not reverified,not reverified
MAOM,Mamata Academy of Medical Sciences,not reverified,no current rank asserted,not reverified,not reverified,not reverified,not reverified,not reverified,not reverified,not reverified
MIO1,Mediciti Institute of Medical Sciences,not reverified,no current rank asserted,not reverified,not reverified,not reverified,not reverified,not reverified,not reverified,not reverified
MMC1,MNR Medical College,not reverified,no current rank asserted,not reverified,not reverified,not reverified,not reverified,not reverified,not reverified,not reverified
PIO1,Prathima Institute of Medical Sciences,not reverified,no current rank asserted,not reverified,not reverified,not reverified,not reverified,not reverified,not reverified,not reverified
RIOM,RVM Institute of Medical Sciences,not reverified,no current rank asserted,not reverified,not reverified,not reverified,not reverified,not reverified,not reverified,not reverified
SMC2,SVS Medical College,not reverified,no current rank asserted,not reverified,not reverified,not reverified,not reverified,not reverified,not reverified,not reverified
DCOM,Deccan College of Medical Sciences,not reverified,no current rank asserted,not reverified,not reverified,not reverified,not reverified,not reverified,not reverified,not reverified
SIOM,Shadan Institute of Medical Sciences,not reverified,no current rank asserted,not reverified,not reverified,not reverified,not reverified,not reverified,not reverified,not reverified
CIOM,CMR Institute of Medical Sciences,not reverified,no current rank asserted,not reverified,not reverified,not reverified,not reverified,not reverified,not reverified,not reverified
TIOM,TRR Institute of Medical Sciences,not reverified,no current rank asserted,not reverified,not reverified,not reverified,not reverified,not reverified,not reverified,not reverified
SIO1,Surabhi Institute of Medical Sciences,not reverified,no current rank asserted,not reverified,not reverified,not reverified,not reverified,not reverified,not reverified,not reverified
CASR,"College of Agricultural Engineering, Sangareddy",2025 official district checked,no current rank asserted,2025 TG final checked; other years not reverified,not reverified,not reverified,not reverified,not reverified,not reverified,not reverified
CDTK,"College of Dairy Technology, Kamareddy",2025 official district checked,no current rank asserted,2025 TG final checked; other years not reverified,not reverified,not reverified,not reverified,not reverified,not reverified,not reverified
CFSR,"College of Food Science and Technology, Rudrur",2025 official district checked,no current rank asserted,2025 TG final checked; other years not reverified,not reverified,not reverified,not reverified,not reverified,not reverified,not reverified
CIPH,Chaitanya Institute of Pharmaceutical Sciences,not reverified,no current rank asserted,not reverified,not reverified,not reverified,not reverified,not reverified,not reverified,not reverified
DRKC,DRK College of Engineering and Technology,not reverified,no current rank asserted,not reverified,not reverified,not reverified,not reverified,not reverified,not reverified,not reverified
GATP,Gate Institute of Pharmaceutical Sciences,not reverified,no current rank asserted,not reverified,not reverified,not reverified,not reverified,not reverified,not reverified,not reverified
GBNP,Gurram Balanarsaiah Institute of Pharmacy,not reverified,no current rank asserted,not reverified,not reverified,not reverified,not reverified,not reverified,not reverified,not reverified
GNPT,Ganapathi Engineering College,not reverified,no current rank asserted,not reverified,not reverified,not reverified,not reverified,not reverified,not reverified,not reverified
HIPS,Hetero Institute of Pharmaceutical Sciences,not reverified,no current rank asserted,not reverified,not reverified,not reverified,not reverified,not reverified,not reverified,not reverified
JJPM,JJ College of Pharmacy,not reverified,no current rank asserted,not reverified,not reverified,not reverified,not reverified,not reverified,not reverified,not reverified
JNMB,"JNTUH University College of Engineering, Mahabubabad",2025 official district checked,no current rank asserted,2025 TG final checked; other years not reverified,not reverified,not reverified,not reverified,not reverified,not reverified,not reverified
JNPASF,JNAFAU School of Planning and Architecture — Self Finance,2025 official district checked,no current rank asserted,2025 TG final checked; other years not reverified,not reverified,not reverified,not reverified,not reverified,not reverified,not reverified
JNPL,"JNTUH University College of Engineering, Palair",2025 official district checked,no current rank asserted,2025 TG final checked; other years not reverified,not reverified,not reverified,not reverified,not reverified,not reverified,not reverified
JNTHMT,JNTUH College of Engineering — 5 Year Integrated M.Tech (Self Finance),2025 official district checked,no current rank asserted,2025 TG final checked; other years not reverified,not reverified,not reverified,not reverified,not reverified,not reverified,not reverified
JNTHSF,"JNTUH College of Engineering, Hyderabad — Self Finance",not reverified,no current rank asserted,not reverified,not reverified,not reverified,not reverified,not reverified,not reverified,not reverified
JNTPSF,"JNTUH University College of Pharmaceutical Sciences, Sultanpur — Self Finance",not reverified,no current rank asserted,not reverified,not reverified,not reverified,not reverified,not reverified,not reverified,not reverified
JNTR,"JNTUH University College of Engineering, Rajanna Sircilla",2025 official district checked,no current rank asserted,2025 TG final checked; other years not reverified,not reverified,not reverified,not reverified,not reverified,not reverified,not reverified
JNWN,"JNTUH University College of Engineering, Wanaparthy",2025 official district checked,no current rank asserted,2025 TG final checked; other years not reverified,not reverified,not reverified,not reverified,not reverified,not reverified,not reverified
KGRR,KGR Institute of Technology and Management,not reverified,no current rank asserted,not reverified,not reverified,not reverified,not reverified,not reverified,not reverified,not reverified
KMTS,Khammam Institute of Technology and Sciences,not reverified,no current rank asserted,not reverified,not reverified,not reverified,not reverified,not reverified,not reverified,not reverified
KSGI,"Government Engineering College, Kosgi",2025 official district checked,no current rank asserted,2025 TG final checked; other years not reverified,not reverified,not reverified,not reverified,not reverified,not reverified,not reverified
KUCE,"Kakatiya University College of Engineering, Kothagudem",not reverified,no current rank asserted,not reverified,not reverified,not reverified,not reverified,not reverified,not reverified,not reverified
KUCESF,"Kakatiya University College of Engineering, Kothagudem — Self Finance",not reverified,no current rank asserted,not reverified,not reverified,not reverified,not reverified,not reverified,not reverified,not reverified
KUEWSF,"University College of Engineering and Technology for Women, KU Campus",2025 official district checked,no current rank asserted,2025 TG final checked; other years not reverified,not reverified,not reverified,not reverified,not reverified,not reverified,not reverified
KUWL,"KU College of Engineering and Technology, Warangal",2025 official district checked,no current rank asserted,2025 TG final checked; other years not reverified,not reverified,not reverified,not reverified,not reverified,not reverified,not reverified
MGUNSF,"MGU College of Engineering and Technology, Nalgonda",2025 official district checked,no current rank asserted,2025 TG final checked; other years not reverified,not reverified,not reverified,not reverified,not reverified,not reverified,not reverified
MIPK,"Mohammadiya Institute of Pharmacy, Khammam",not reverified,no current rank asserted,not reverified,not reverified,not reverified,not reverified,not reverified,not reverified,not reverified
MIPM,Moonray Institute of Pharmaceutical Sciences,not reverified,no current rank asserted,not reverified,not reverified,not reverified,not reverified,not reverified,not reverified,not reverified
MLRP,Marri Laxman Reddy Institute of Pharmacy,not reverified,no current rank asserted,not reverified,not reverified,not reverified,not reverified,not reverified,not reverified,not reverified
MNRT,MNR College of Engineering and Technology,not reverified,no current rank asserted,not reverified,not reverified,not reverified,not reverified,not reverified,not reverified,not reverified
MREC,Malla Reddy Engineering College,not reverified,no current rank asserted,not reverified,not reverified,not reverified,not reverified,not reverified,not reverified,not reverified
MREW,Malla Reddy College of Engineering for Women,not reverified,no current rank asserted,not reverified,not reverified,not reverified,not reverified,not reverified,not reverified,not reverified
MRIT,Malla Reddy Institute of Technology and Science,not reverified,no current rank asserted,not reverified,not reverified,not reverified,not reverified,not reverified,not reverified,not reverified
OUCESF,Osmania University College of Engineering — Self Finance,not reverified,no current rank asserted,not reverified,not reverified,not reverified,not reverified,not reverified,not reverified,not reverified
OUCT,Osmania University College of Technology,2025 official district checked,no current rank asserted,2025 TG final checked; other years not reverified,not reverified,not reverified,not reverified,not reverified,not reverified,not reverified
OUCTSF,Osmania University College of Technology — Self Finance,not reverified,no current rank asserted,not reverified,not reverified,not reverified,not reverified,not reverified,not reverified,not reverified
PATH,Pathfinder Institute of Pharmacy Education and Research,not reverified,no current rank asserted,not reverified,not reverified,not reverified,not reverified,not reverified,not reverified,not reverified
PNRP,Pratab Narendar Reddy College of Pharmacy,not reverified,no current rank asserted,not reverified,not reverified,not reverified,not reverified,not reverified,not reverified,not reverified
SIPC,Siddhartha Institute of Pharmacy,not reverified,no current rank asserted,not reverified,not reverified,not reverified,not reverified,not reverified,not reverified,not reverified
SRSP,Sri Ranganayaka Swamy College of Pharmacy,not reverified,no current rank asserted,not reverified,not reverified,not reverified,not reverified,not reverified,not reverified,not reverified
TEJA,Teja College of Pharmacy,not reverified,no current rank asserted,not reverified,not reverified,not reverified,not reverified,not reverified,not reverified,not reverified
VSLP,Vatsalya College of Pharmacy,not reverified,no current rank asserted,not reverified,not reverified,not reverified,not reverified,not reverified,not reverified,not reverified
VVKN,Vivekananda Institute of Technology and Science,not reverified,no current rank asserted,not reverified,not reverified,not reverified,not reverified,not reverified,not reverified,not reverified
WITS,Warangal Institute of Technology and Science,2025 official district checked,no current rank asserted,2025 TG final checked; other years not reverified,not reverified,not reverified,not reverified,not reverified,not reverified,not reverified
JNTPH,"JNTUH University College of Pharmaceutical Sciences, Sultanpur",not reverified,no current rank asserted,not reverified,not reverified,not reverified,not reverified,not reverified,not reverified,not reverified
IITH,Indian Institute of Technology Hyderabad (IITH),not reverified,2025 listing checked,not reverified,not reverified,not reverified,not reverified,not reverified,not reverified,not reverified
NITW,"National Institute of Technology, Warangal (NITW)",not reverified,2025 listing checked,not reverified,not reverified,not reverified,not reverified,not reverified,not reverified,not reverified
IITP,Indian Institute of Technology Tirupati (IITTP),not reverified,2025 listing checked,not reverified,not reverified,not reverified,not reverified,not reverified,NIRF 2023-24 summary checked; headline not reverified,not reverified
UOHE,University of Hyderabad — School of Engineering,not reverified,2025 listing checked,not reverified,not reverified,not reverified,not reverified,not reverified,not reverified,not reverified
NITA,"National Institute of Technology, Andhra Pradesh (NIT AP)",not reverified,no current rank asserted,not reverified,not reverified,not reverified,not reverified,not reverified,not reverified,not reverified
IIIS,"Indian Institute of Information Technology, Sri City (IIITS)",not reverified,no current rank asserted,not reverified,not reverified,not reverified,not reverified,not reverified,not reverified,not reverified
IIDK,"Indian Institute of Information Technology, Design and Manufacturing, Kurnool (IIITDM)",not reverified,no current rank asserted,not reverified,not reverified,not reverified,not reverified,not reverified,not reverified,not reverified
IIPE,Indian Institute of Petroleum and Energy (IIPE),not reverified,no current rank asserted,not reverified,not reverified,not reverified,not reverified,not reverified,not reverified,not reverified
